video,frame,track_id,bbox_x1,bbox_y1,bbox_x2,bbox_y2,bbox_conf,nose_x,nose_y,nose_conf,left_eye_x,left_eye_y,left_eye_conf,right_eye_x,right_eye_y,right_eye_conf,left_ear_x,left_ear_y,left_ear_conf,right_ear_x,right_ear_y,right_ear_conf,left_shoulder_x,left_shoulder_y,left_shoulder_conf,right_shoulder_x,right_shoulder_y,right_shoulder_conf,left_elbow_x,left_elbow_y,left_elbow_conf,right_elbow_x,right_elbow_y,right_elbow_conf,left_wrist_x,left_wrist_y,left_wrist_conf,right_wrist_x,right_wrist_y,right_wrist_conf,left_hip_x,left_hip_y,left_hip_conf,right_hip_x,right_hip_y,right_hip_conf,left_knee_x,left_knee_y,left_knee_conf,right_knee_x,right_knee_y,right_knee_conf,left_ankle_x,left_ankle_y,left_ankle_conf,right_ankle_x,right_ankle_y,right_ankle_conf
Moguls_Frauen_Final_1_09,8,5,618.42,244.72,687.49,364.13,0.8249,660.7,264.51,0.94,662.64,261.8,0.8218,657.93,261.53,0.9331,664.97,261.22,0.3762,651.04,260.1,0.8401,666.72,270.97,0.9844,641.15,269.77,0.9957,676.54,280.39,0.9094,627.87,279.67,0.9835,675.9,283.02,0.8892,631.44,286.17,0.9658,660.69,306.21,0.9879,644.31,306.19,0.9938,666.01,327.12,0.9452,648.87,327.09,0.9691,665.69,349.18,0.8488,653.35,349.78,0.8979
Moguls_Frauen_Final_1_09,9,5,620.01,242.54,692.58,368.04,0.7941,665.4,262.14,0.9484,667.01,259.16,0.826,662.35,259.31,0.9257,667.12,258.76,0.491,653.28,258.72,0.8358,668.71,272.22,0.9794,643.29,270.55,0.9898,678.87,282.9,0.9149,629.21,277.44,0.9659,682.96,286.45,0.8767,627.14,283.34,0.9404,663.98,307.14,0.9857,647.8,307.44,0.9896,668.34,337.52,0.9547,650.59,338.44,0.968,673.67,355.71,0.8643,653.36,355.84,0.8897
Moguls_Frauen_Final_1_09,10,5,619.47,240.58,703.84,387.01,0.7476,664.48,262.18,0.9649,666.68,259.08,0.894,661.26,259.25,0.9362,668.79,258.11,0.6342,653.53,258.29,0.82,671.87,272.23,0.9893,644.08,271.12,0.9913,682.13,284.18,0.9478,630.0,281.18,0.96,689.21,286.75,0.9065,624.73,287.81,0.9268,664.99,310.53,0.9922,647.46,310.47,0.9926,670.96,344.71,0.9799,651.99,341.96,0.9819,679.06,367.03,0.9401,657.52,361.39,0.9452
Moguls_Frauen_Final_1_09,11,5,624.97,239.83,710.86,389.56,0.7489,665.83,261.07,0.9652,668.36,258.32,0.8877,662.55,258.11,0.934,670.54,258.1,0.6217,654.96,257.45,0.8175,672.45,273.61,0.9892,646.39,271.67,0.9926,684.04,289.87,0.9452,635.13,285.33,0.9655,693.36,293.19,0.9096,640.06,288.97,0.9389,668.54,311.47,0.9924,653.65,312.04,0.9934,672.1,341.98,0.9845,667.24,343.01,0.9873,670.95,367.26,0.9589,674.61,368.61,0.9644
Moguls_Frauen_Final_1_09,12,5,626.83,241.03,714.16,393.56,0.7765,666.19,261.31,0.9695,668.84,258.7,0.8803,663.02,258.41,0.9506,671.06,259.39,0.5903,655.52,258.16,0.8779,672.86,276.93,0.9888,647.42,272.8,0.9956,686.53,295.46,0.9323,635.27,285.21,0.9803,697.99,298.25,0.8948,635.07,290.14,0.9596,669.61,313.79,0.9916,655.96,313.67,0.9945,672.26,342.68,0.9795,672.95,342.82,0.9876,672.66,370.56,0.9366,684.89,371.61,0.9551
Moguls_Frauen_Final_1_09,13,5,632.59,243.31,714.54,386.3,0.7453,665.99,263.55,0.9643,668.93,260.65,0.8814,662.93,260.58,0.9332,671.32,261.66,0.6132,655.04,260.93,0.8074,673.87,278.5,0.9877,646.49,276.48,0.9905,687.63,299.61,0.9411,638.39,290.21,0.961,699.49,305.06,0.9028,642.65,285.74,0.9323,671.97,315.07,0.9872,654.56,316.03,0.9889,677.15,344.2,0.9652,660.49,347.22,0.9706,683.76,361.41,0.9026,670.25,365.73,0.9119
Moguls_Frauen_Final_1_09,14,5,637.74,246.38,707.57,366.88,0.5144,666.66,267.03,0.9689,668.57,264.23,0.9051,663.53,264.15,0.9657,670.67,264.66,0.4789,655.99,263.55,0.8872,672.85,278.05,0.9905,647.11,275.07,0.997,683.61,296.95,0.9403,639.84,286.94,0.9877,699.31,309.36,0.9169,644.11,281.92,0.9731,667.9,310.99,0.9894,651.5,310.41,0.9944,666.59,332.37,0.947,648.26,332.26,0.9692,670.91,348.23,0.8443,650.54,348.9,0.8918
Moguls_Frauen_Final_1_09,15,5,631.26,247.71,693.27,355.1,0.5132,665.38,268.01,0.9462,666.49,265.11,0.8048,662.06,265.09,0.9481,667.47,264.49,0.3217,653.33,263.82,0.8939,670.25,275.42,0.9831,644.42,274.58,0.9954,679.43,288.15,0.8697,636.88,287.03,0.9802,676.07,283.24,0.8357,642.84,279.9,0.9568,665.42,311.17,0.982,648.1,311.27,0.9911,666.71,326.84,0.9263,644.69,327.35,0.9608,666.36,344.13,0.8134,643.22,345.72,0.8769
Moguls_Frauen_Final_1_09,16,5,623.03,244.28,687.82,357.38,0.5852,659.12,261.18,0.9428,661.3,258.12,0.8731,655.71,258.4,0.9315,664.49,258.23,0.5162,649.17,258.67,0.8024,669.1,269.97,0.9804,641.75,271.01,0.9917,679.19,279.73,0.8646,631.35,282.95,0.9534,675.14,281.75,0.8196,634.21,287.94,0.9101,663.35,305.94,0.973,645.27,306.29,0.9827,662.51,325.57,0.8966,639.46,325.82,0.9261,658.35,346.29,0.7722,638.04,347.3,0.8184
Moguls_Frauen_Final_1_09,17,5,625.85,238.4,698.8,362.4,0.6249,655.48,258.8,0.9743,658.27,255.59,0.9338,651.61,255.71,0.9394,663.14,253.81,0.7387,644.82,254.3,0.7661,670.23,264.57,0.9921,638.98,267.08,0.9901,686.44,269.12,0.9671,630.51,281.53,0.9571,703.96,267.32,0.9383,633.19,285.6,0.9258,662.16,304.95,0.9901,641.78,304.57,0.9885,656.6,332.44,0.9619,630.19,327.55,0.9575,652.35,354.41,0.8683,624.84,344.1,0.8604
Moguls_Frauen_Final_1_09,19,5,611.62,226.44,682.9,347.68,0.549,652.43,244.96,0.9573,654.49,241.42,0.8635,648.2,241.83,0.9625,656.73,241.13,0.3616,639.77,241.88,0.8958,661.22,254.22,0.9785,630.58,256.12,0.9952,670.89,268.43,0.8335,620.04,272.88,0.9804,670.01,267.22,0.7939,616.98,271.69,0.9542,654.22,293.44,0.9786,634.15,294.47,0.9902,656.52,314.61,0.9172,631.61,315.9,0.9589,646.86,333.23,0.7924,621.69,335.66,0.8716
Moguls_Frauen_Final_1_09,20,5,607.26,223.86,679.26,347.64,0.6351,649.37,244.6,0.9665,651.62,241.55,0.8953,645.82,241.67,0.963,654.56,241.1,0.4799,638.83,241.14,0.8896,657.89,252.71,0.9901,631.38,253.39,0.9976,667.69,263.86,0.9226,622.29,265.98,0.9888,668.1,264.39,0.9011,621.98,266.5,0.9748,650.35,290.67,0.9922,633.49,291.03,0.9964,646.14,311.18,0.9704,629.72,311.78,0.9845,639.24,333.38,0.9133,624.55,334.96,0.9453
Moguls_Frauen_Final_1_09,21,5,603.64,223.65,675.91,348.55,0.7359,645.71,245.76,0.9657,648.2,242.82,0.9035,642.53,242.88,0.9298,652.02,242.41,0.6613,636.71,242.59,0.7643,657.61,255.64,0.9858,630.43,255.76,0.9886,666.08,266.54,0.9398,619.17,268.07,0.9557,661.14,265.84,0.9056,616.35,269.41,0.9263,647.84,293.54,0.9836,630.51,292.37,0.9853,640.5,313.34,0.9549,623.19,311.1,0.9599,633.79,340.11,0.8773,619.25,336.8,0.8856
Moguls_Frauen_Final_1_09,22,5,594.0,227.11,671.81,362.33,0.8137,644.82,250.16,0.9643,646.95,247.29,0.9015,641.35,247.12,0.9286,650.3,246.78,0.6622,635.14,246.82,0.7752,656.16,260.16,0.9872,629.47,260.78,0.989,662.13,269.92,0.9392,620.79,274.81,0.9531,655.35,270.38,0.8966,622.84,275.74,0.9172,644.76,301.35,0.9887,627.76,299.54,0.9895,634.7,326.59,0.9721,620.15,321.69,0.9749,619.21,354.36,0.9245,610.15,346.32,0.9293
Moguls_Frauen_Final_1_09,23,5,595.6,230.53,670.66,362.13,0.6897,640.53,254.25,0.9637,643.15,251.18,0.9295,637.38,251.37,0.9417,647.82,250.39,0.6864,632.72,250.66,0.7741,654.33,262.23,0.9924,626.18,262.05,0.9967,663.43,275.79,0.9521,617.19,274.83,0.98,657.38,277.0,0.9317,621.8,274.96,0.961,645.51,299.77,0.9932,627.16,299.17,0.9956,640.36,325.38,0.9737,618.83,324.73,0.9803,631.09,348.36,0.9194,612.81,348.08,0.9351
Moguls_Frauen_Final_1_09,24,5,598.65,234.19,672.53,366.19,0.5961,640.24,258.69,0.9587,642.95,256.12,0.9034,637.13,255.79,0.9253,647.35,255.01,0.6745,631.45,254.36,0.7557,652.74,265.55,0.9815,625.6,265.73,0.9836,661.21,276.23,0.9146,616.11,278.79,0.9309,657.73,274.19,0.8589,619.71,276.35,0.8838,646.2,300.63,0.9807,628.64,300.18,0.9819,643.59,329.34,0.9522,626.44,329.07,0.9568,632.9,347.72,0.8817,621.01,347.6,0.8881
Moguls_Frauen_Final_1_09,25,5,604.5,235.57,676.33,364.66,0.7541,640.73,259.62,0.9683,643.62,256.56,0.9256,637.34,256.57,0.931,648.92,254.3,0.7375,631.86,254.59,0.7457,656.71,265.49,0.9887,626.43,266.18,0.9879,667.58,279.08,0.9486,616.57,278.42,0.9465,664.95,285.27,0.9108,612.63,276.22,0.9114,649.89,303.7,0.9869,630.76,303.06,0.9865,648.07,324.93,0.9657,628.56,322.1,0.9657,642.02,347.75,0.9088,628.84,342.95,0.9098
Moguls_Frauen_Final_1_09,26,5,606.27,233.45,678.44,363.86,0.6507,641.29,257.54,0.9599,644.55,253.91,0.9388,637.72,253.58,0.9142,650.03,250.37,0.7404,631.93,249.16,0.6152,657.93,261.36,0.9915,624.94,257.52,0.9936,669.43,280.51,0.9607,614.59,267.32,0.9604,659.71,292.44,0.9406,618.18,267.38,0.9383,652.43,302.37,0.9912,631.58,300.95,0.9925,649.25,322.77,0.9686,629.11,321.3,0.9679,649.97,344.85,0.9035,635.96,342.85,0.9003
Moguls_Frauen_Final_1_09,27,5,595.6,229.22,672.65,366.36,0.3165,642.31,251.41,0.9651,645.6,248.64,0.914,639.26,247.97,0.9292,651.19,246.51,0.7243,633.67,245.05,0.7684,659.15,258.4,0.9872,626.15,253.6,0.9904,666.84,271.8,0.9441,609.24,259.48,0.9614,659.22,273.88,0.908,594.08,262.83,0.9324,653.66,294.65,0.9861,633.0,291.57,0.9882,652.06,322.92,0.9567,631.47,315.02,0.9629,654.89,345.62,0.8661,639.93,335.93,0.8807
Moguls_Frauen_Final_1_09,28,5,604.62,225.22,672.8,346.34,0.5838,644.06,246.39,0.9585,647.21,243.46,0.9321,641.06,242.88,0.9232,651.66,241.37,0.7182,635.79,239.8,0.6752,657.58,250.8,0.9907,628.12,248.17,0.9937,668.73,263.82,0.9579,616.34,256.65,0.9664,660.82,269.87,0.9362,611.74,260.22,0.9433,650.58,286.42,0.9869,631.65,285.53,0.9893,655.87,308.83,0.9341,636.31,307.91,0.9382,655.54,327.61,0.794,638.86,326.29,0.7998
Moguls_Frauen_Final_1_09,29,5,600.08,220.94,675.93,353.37,0.6081,644.92,242.79,0.9674,648.05,239.98,0.9129,641.88,239.85,0.9199,653.26,238.84,0.7306,636.53,238.51,0.7387,659.35,252.38,0.9929,628.9,249.75,0.9919,672.23,266.56,0.9707,614.04,258.99,0.9659,672.34,264.27,0.9465,603.14,261.29,0.9426,652.23,287.03,0.9942,633.39,286.09,0.9937,657.94,315.43,0.9838,639.44,313.33,0.9834,663.63,335.47,0.9489,646.92,333.96,0.9492
Moguls_Frauen_Final_1_09,30,5,602.04,218.83,680.09,353.69,0.6722,643.76,241.21,0.9649,647.09,238.37,0.9139,640.93,238.26,0.9157,652.41,237.52,0.753,636.21,237.2,0.7381,657.41,250.94,0.9926,628.72,249.05,0.9912,668.84,265.0,0.9704,615.42,259.12,0.9634,673.84,265.68,0.9456,608.51,260.23,0.9385,651.63,286.89,0.994,633.48,286.59,0.9934,657.9,313.94,0.9826,638.19,312.69,0.9816,666.14,336.58,0.94,646.88,335.54,0.9389
Moguls_Frauen_Final_1_09,31,5,605.93,217.44,685.31,353.52,0.7491,641.34,235.95,0.9666,645.26,233.2,0.9275,638.9,232.84,0.9047,651.59,234.39,0.7966,635.55,233.2,0.701,656.31,250.59,0.994,628.29,248.61,0.9902,668.33,265.64,0.9762,617.15,260.95,0.9544,677.38,266.82,0.9524,615.3,260.87,0.9263,650.92,289.78,0.9941,632.9,289.83,0.992,662.14,321.89,0.9791,641.78,320.74,0.9746,670.54,345.18,0.9159,649.6,343.2,0.9095
Moguls_Frauen_Final_1_09,32,5,609.88,217.12,692.07,358.53,0.786,641.7,238.1,0.9676,645.45,235.07,0.9307,638.9,234.89,0.9001,651.44,235.19,0.7994,634.95,234.73,0.6715,655.71,250.33,0.9944,628.24,250.05,0.9894,667.82,267.29,0.9792,620.1,265.07,0.9501,679.22,273.84,0.9576,623.9,264.21,0.922,651.12,291.31,0.9949,632.91,292.32,0.9924,663.91,323.42,0.985,642.86,324.12,0.98,670.16,348.69,0.945,648.11,348.59,0.9366
Moguls_Frauen_Final_1_09,33,5,610.25,217.74,691.27,355.47,0.8149,642.35,240.14,0.97,645.9,237.09,0.9296,639.61,237.27,0.9157,650.86,236.88,0.7853,634.91,236.94,0.7239,654.98,251.2,0.9944,626.72,251.91,0.9918,667.86,267.94,0.9774,616.02,267.08,0.9604,680.8,277.65,0.9552,619.14,267.29,0.9337,648.77,288.11,0.9949,630.82,289.43,0.9933,653.87,317.79,0.9849,635.24,319.39,0.9819,661.4,338.69,0.9478,643.64,339.2,0.9434
Moguls_Frauen_Final_1_09,34,5,610.06,217.9,689.56,350.19,0.6648,638.4,239.69,0.9611,641.89,236.5,0.9097,635.76,236.98,0.905,647.39,236.17,0.7502,631.47,236.43,0.7263,652.63,250.55,0.992,624.22,250.0,0.9905,668.15,269.07,0.9668,613.11,265.75,0.9572,682.13,278.04,0.9376,611.59,269.65,0.9265,645.21,283.8,0.9924,627.62,284.15,0.9912,644.2,310.15,0.9777,626.46,310.52,0.9763,654.61,332.07,0.9252,637.93,331.15,0.925
Moguls_Frauen_Final_1_09,35,5,601.68,216.95,674.15,338.88,0.6562,635.07,237.58,0.9662,638.23,234.52,0.9423,632.32,234.59,0.9417,643.65,233.9,0.7529,628.43,234.1,0.749,649.94,246.57,0.9925,622.36,246.7,0.9965,657.09,263.17,0.9544,611.56,263.34,0.9785,650.16,267.51,0.9298,608.61,272.63,0.9561,643.2,281.94,0.9887,625.32,281.62,0.9924,643.98,300.56,0.9485,621.27,299.88,0.9589,643.27,317.2,0.854,622.67,316.32,0.8742
Moguls_Frauen_Final_1_09,36,5,595.66,214.13,670.03,342.19,0.3504,636.9,234.67,0.9425,639.7,231.48,0.8633,633.58,231.47,0.9271,643.59,230.66,0.4787,627.03,230.47,0.7857,647.3,241.34,0.9789,617.96,242.65,0.9907,655.18,255.48,0.8736,609.67,261.4,0.9535,648.55,263.1,0.8368,615.85,275.88,0.9138,640.54,278.46,0.9788,620.86,279.05,0.9857,641.81,300.35,0.934,616.36,300.76,0.9512,637.82,321.47,0.8436,615.18,322.47,0.8749
Moguls_Frauen_Final_1_09,37,5,594.5,208.06,682.9,359.41,0.4434,635.1,228.15,0.9691,637.93,224.96,0.9058,631.4,225.03,0.9475,641.52,224.03,0.632,624.3,224.33,0.8169,645.48,235.42,0.9839,616.71,237.39,0.9891,660.79,242.53,0.9204,605.38,250.43,0.9559,677.93,243.61,0.8704,612.46,247.69,0.9174,635.93,278.31,0.9874,617.05,278.85,0.9896,634.3,311.31,0.9678,611.77,312.1,0.9742,624.38,342.59,0.9049,602.81,342.62,0.9153
Moguls_Frauen_Final_1_09,38,5,593.09,201.38,684.11,356.02,0.5251,630.03,219.8,0.9755,633.32,216.75,0.9321,626.29,216.42,0.9411,638.87,216.56,0.7427,620.52,216.16,0.7704,643.5,230.23,0.9927,614.05,230.16,0.9916,657.13,240.85,0.9676,599.16,247.01,0.9651,673.41,243.09,0.9388,604.79,257.53,0.9366,634.24,270.12,0.9935,614.85,269.85,0.9932,633.97,299.53,0.9793,610.02,299.67,0.9789,621.82,326.29,0.9255,597.12,326.56,0.9236
Moguls_Frauen_Final_1_09,39,5,587.8,195.17,679.18,349.13,0.8609,629.56,214.4,0.9756,632.84,211.47,0.9262,625.89,211.22,0.9468,637.83,211.4,0.7105,619.6,210.85,0.806,641.08,226.52,0.9925,613.31,225.61,0.9942,654.95,239.4,0.9655,596.79,239.27,0.9765,668.55,243.88,0.9389,601.16,244.04,0.9556,631.2,267.94,0.9957,613.06,267.9,0.996,630.72,299.6,0.986,608.48,303.69,0.9883,615.84,318.84,0.9504,591.49,325.38,0.9554
Moguls_Frauen_Final_1_09,40,5,583.05,192.13,672.63,342.08,0.783,628.5,212.61,0.972,630.98,209.66,0.9073,624.93,209.58,0.942,634.52,209.57,0.6575,618.18,209.49,0.8117,638.98,224.93,0.991,611.82,224.13,0.9939,652.46,236.96,0.9593,597.42,236.2,0.9765,661.02,239.64,0.9312,596.95,239.04,0.9556,629.07,266.74,0.9941,611.74,265.92,0.995,625.06,299.05,0.9805,606.03,299.55,0.9843,613.08,320.85,0.9306,592.71,321.54,0.9395
Moguls_Frauen_Final_1_09,41,5,570.54,191.45,663.05,347.42,0.7274,624.33,213.53,0.9704,627.11,210.33,0.8994,620.48,210.3,0.9488,631.65,209.81,0.6228,614.38,210.12,0.8314,637.35,224.72,0.985,609.04,226.32,0.9939,647.05,237.72,0.9233,595.18,245.28,0.977,646.74,233.18,0.8847,594.03,245.75,0.953,627.08,268.76,0.9904,609.07,268.2,0.9938,620.38,300.31,0.9732,602.06,300.65,0.9835,600.68,326.2,0.9179,585.87,327.92,0.939
Moguls_Frauen_Final_1_09,42,5,563.69,193.05,652.65,343.59,0.804,619.45,217.64,0.9652,622.68,214.18,0.916,615.96,214.05,0.9282,629.03,212.78,0.7226,611.49,212.86,0.7521,636.0,227.12,0.9859,608.19,227.85,0.9902,640.47,243.33,0.9379,595.68,245.78,0.9621,628.76,250.54,0.9023,589.67,252.77,0.9327,626.87,269.93,0.9885,608.87,268.37,0.9905,617.52,295.04,0.9666,597.05,293.24,0.9732,599.55,325.56,0.8962,583.45,324.19,0.9098
Moguls_Frauen_Final_1_09,43,5,566.67,195.46,647.79,333.42,0.8221,620.83,220.48,0.9644,623.44,217.4,0.8936,617.48,216.96,0.9414,627.96,216.13,0.6394,611.93,215.64,0.8245,634.28,229.28,0.9822,606.37,230.97,0.9927,640.28,241.42,0.9164,592.99,250.65,0.9736,633.19,240.55,0.8751,583.25,263.33,0.9452,626.11,270.03,0.986,607.84,269.04,0.991,622.56,301.13,0.9507,599.11,297.66,0.9687,606.83,320.07,0.8488,585.12,316.14,0.8853
Moguls_Frauen_Final_1_09,44,5,567.44,197.91,644.1,327.55,0.7983,622.69,221.89,0.9705,625.45,218.83,0.8808,619.07,218.71,0.9596,629.22,218.04,0.5373,611.85,218.03,0.8777,632.69,231.31,0.9782,604.42,234.41,0.9947,640.86,242.91,0.8868,590.8,256.35,0.9812,637.56,236.33,0.8448,579.56,265.94,0.9589,624.59,272.89,0.9821,605.97,273.7,0.9909,629.66,298.97,0.9438,607.05,299.77,0.9722,619.18,314.43,0.8526,598.77,317.64,0.9033
Moguls_Frauen_Final_1_09,45,5,582.67,198.8,652.61,317.75,0.6609,620.86,221.93,0.9662,624.07,218.95,0.9366,617.92,218.55,0.9395,628.79,218.03,0.7253,613.26,217.0,0.7494,634.46,229.12,0.9939,605.88,229.49,0.9962,646.02,239.75,0.9666,597.74,244.48,0.977,644.98,236.27,0.9483,599.84,248.83,0.9572,629.21,265.6,0.9925,610.52,265.94,0.9942,634.75,283.0,0.9687,612.34,283.13,0.9725,630.47,301.53,0.9042,608.44,301.39,0.9123
Moguls_Frauen_Final_1_09,46,5,587.45,197.11,658.91,319.56,0.6755,625.39,218.34,0.9681,628.0,215.46,0.913,622.12,215.41,0.9382,632.47,214.15,0.6748,616.13,213.93,0.7841,640.63,226.38,0.9848,608.85,224.27,0.9893,651.66,240.89,0.9342,597.65,233.71,0.9593,646.55,249.43,0.9037,603.35,241.15,0.9346,636.72,261.18,0.9809,616.3,260.35,0.9837,639.89,282.73,0.9427,617.19,280.91,0.9531,636.85,306.89,0.8471,616.89,303.97,0.8666
Moguls_Frauen_Final_1_09,47,5,573.14,193.06,658.12,335.05,0.7378,625.78,214.58,0.9711,629.14,211.08,0.9209,622.36,211.37,0.9325,634.57,208.9,0.729,616.72,209.54,0.7542,645.38,223.74,0.9895,608.59,223.48,0.9918,661.1,242.18,0.9559,588.34,232.52,0.9663,649.56,242.1,0.9241,566.42,225.25,0.9401,642.14,275.31,0.9877,618.92,275.18,0.9889,645.25,316.4,0.9456,620.31,316.39,0.952,651.18,337.03,0.7868,628.45,337.72,0.8057
Moguls_Frauen_Final_1_09,48,5,573.07,189.23,660.32,331.5,0.3887,626.77,209.69,0.969,630.84,206.12,0.9127,624.24,205.94,0.9286,637.49,205.14,0.6865,620.76,203.96,0.7555,644.76,218.6,0.9836,614.77,217.06,0.9917,659.89,232.95,0.9361,595.02,225.97,0.9714,662.09,225.13,0.9068,575.75,215.52,0.9501,645.91,263.06,0.9816,625.7,263.23,0.9863,652.27,292.11,0.9281,625.39,294.55,0.9505,656.68,314.35,0.7479,628.32,319.83,0.8039
Moguls_Frauen_Final_1_09,49,5,575.61,184.18,666.33,330.17,0.6231,634.07,204.87,0.952,636.71,201.22,0.8375,630.87,201.19,0.9048,639.4,200.51,0.5241,624.02,199.69,0.7735,645.98,215.81,0.982,614.2,211.68,0.9918,662.54,233.95,0.9329,595.3,221.33,0.9743,667.64,222.58,0.8994,583.41,213.13,0.9528,646.23,257.65,0.9867,625.47,257.28,0.9904,654.15,285.69,0.9562,630.87,286.23,0.9711,662.19,308.73,0.8464,636.94,310.41,0.8857
Moguls_Frauen_Final_1_09,50,5,581.71,182.38,668.34,318.09,0.7274,636.83,205.75,0.9655,639.93,202.46,0.8941,634.0,202.56,0.9338,643.76,200.55,0.6533,627.72,199.93,0.8092,650.17,215.4,0.9892,617.88,211.45,0.9936,665.44,233.46,0.949,599.29,219.77,0.9739,671.01,228.29,0.9135,587.02,216.04,0.9492,646.26,254.59,0.9925,626.26,253.99,0.9941,649.25,286.14,0.9776,627.84,285.88,0.9833,662.42,301.87,0.927,640.46,302.65,0.9412
Moguls_Frauen_Final_1_09,51,5,584.68,181.93,681.8,333.29,0.7625,638.66,205.01,0.9703,641.67,201.59,0.9183,635.38,201.89,0.9186,646.3,200.08,0.7459,629.67,200.61,0.7322,652.93,216.32,0.995,621.45,213.77,0.9924,666.81,234.11,0.9787,606.23,224.48,0.9642,673.35,231.33,0.9556,594.15,223.26,0.9386,648.75,260.31,0.9964,628.84,259.81,0.9956,655.21,295.26,0.9909,634.41,291.81,0.9891,673.06,321.72,0.9682,649.61,316.34,0.9654
Moguls_Frauen_Final_1_09,52,5,591.75,183.63,693.57,343.03,0.8359,642.36,210.63,0.9683,645.39,206.9,0.9106,638.78,207.64,0.9254,649.65,204.48,0.6957,631.99,205.75,0.7516,654.11,219.22,0.9924,623.26,217.71,0.9902,667.62,236.61,0.9683,609.94,227.54,0.9564,676.88,238.79,0.9404,607.95,227.78,0.929,651.63,264.71,0.9946,631.69,265.9,0.9937,661.52,298.39,0.9875,640.47,299.63,0.986,681.55,329.84,0.9596,656.99,330.3,0.9574
Moguls_Frauen_Final_1_09,53,5,601.07,187.86,700.69,346.17,0.8514,646.7,213.13,0.9652,649.12,209.58,0.8914,643.25,210.26,0.9246,651.87,208.12,0.6547,636.02,209.2,0.7867,655.81,224.32,0.9923,627.22,223.01,0.9915,668.6,242.27,0.9665,619.4,235.8,0.9637,679.51,245.96,0.939,630.19,240.37,0.9389,655.13,268.98,0.9945,636.75,270.52,0.9941,663.87,301.75,0.9853,646.4,303.86,0.985,680.05,328.49,0.9514,659.91,329.55,0.9511
Moguls_Frauen_Final_1_09,54,5,609.75,193.73,700.24,338.54,0.5823,646.69,217.75,0.9711,649.71,214.62,0.9228,643.43,215.04,0.9395,653.86,214.23,0.7143,637.35,214.6,0.7853,657.2,229.79,0.9891,630.5,227.01,0.989,669.31,248.8,0.9497,621.08,236.13,0.9511,681.28,259.5,0.9167,628.12,236.29,0.922,654.65,264.71,0.9845,637.86,265.31,0.9843,659.53,286.23,0.9572,643.81,287.82,0.958,670.38,311.83,0.8809,654.94,312.63,0.8832
Moguls_Frauen_Final_1_09,56,5,613.38,205.31,678.64,310.06,0.6722,645.11,228.85,0.9458,647.42,225.9,0.87,642.03,226.08,0.9313,650.98,225.26,0.5206,636.19,225.34,0.8164,655.64,236.25,0.9865,628.86,235.91,0.9951,664.25,252.39,0.9098,618.92,249.5,0.9766,664.45,253.74,0.8726,623.49,245.56,0.9509,652.93,267.39,0.9801,636.07,267.79,0.9886,654.3,278.01,0.916,637.98,278.46,0.9466,654.34,294.62,0.7932,642.76,295.29,0.8451
Moguls_Frauen_Final_1_09,57,5,614.87,207.75,692.26,329.58,0.4825,638.8,229.44,0.9639,642.04,226.18,0.9273,635.86,226.49,0.9047,648.04,225.38,0.7779,632.18,225.84,0.6778,657.05,237.8,0.9907,625.85,238.54,0.9851,674.58,247.11,0.9635,614.2,252.34,0.9326,690.97,243.48,0.9339,616.96,254.88,0.8972,650.82,274.1,0.987,630.87,273.93,0.9827,649.94,294.57,0.9625,625.99,291.06,0.954,654.96,318.21,0.8876,630.03,310.7,0.8776
Moguls_Frauen_Final_1_09,58,5,609.44,207.08,699.18,347.49,0.862,635.34,227.93,0.9707,638.48,224.47,0.9412,631.86,224.62,0.9021,644.98,223.16,0.8262,628.04,224.18,0.6305,655.12,235.6,0.9955,621.78,240.54,0.9869,673.6,240.51,0.985,611.02,261.31,0.9424,690.11,237.05,0.9658,615.48,274.35,0.9065,648.14,285.27,0.995,626.03,286.1,0.9913,647.54,320.11,0.9764,616.02,317.38,0.9609,645.4,348.03,0.8891,608.62,341.11,0.8499
Moguls_Frauen_Final_1_09,59,5,603.23,205.38,701.87,360.75,0.6579,635.75,227.64,0.9667,638.64,224.22,0.9273,632.24,224.54,0.9113,644.01,222.52,0.7597,627.04,223.46,0.6892,651.99,233.37,0.9926,621.49,236.93,0.9872,669.49,239.57,0.9726,610.52,254.93,0.9455,684.97,238.05,0.9479,615.83,267.7,0.9139,645.62,273.36,0.994,625.3,274.22,0.9916,644.61,303.77,0.9831,616.9,303.46,0.9784,641.91,334.88,0.9404,608.7,332.01,0.9322
Moguls_Frauen_Final_1_09,60,5,599.57,206.28,695.66,356.84,0.6838,631.89,228.51,0.9604,633.93,225.38,0.9066,628.14,225.45,0.8928,639.02,224.06,0.7362,623.26,225.15,0.6667,648.47,235.44,0.9932,618.62,237.37,0.9884,665.34,243.27,0.976,605.18,252.51,0.9569,681.08,243.41,0.952,608.18,257.13,0.928,642.91,273.9,0.9955,623.73,273.67,0.9942,642.8,304.59,0.9865,619.34,301.68,0.9833,629.83,334.57,0.9486,604.53,328.37,0.9411
Moguls_Frauen_Final_1_09,61,5,589.79,208.57,690.09,366.36,0.8064,628.0,229.89,0.9731,631.41,226.86,0.9407,624.53,226.76,0.9343,637.78,226.72,0.793,620.26,226.95,0.7443,646.91,240.06,0.9928,614.68,243.06,0.9909,663.37,247.51,0.966,601.12,258.37,0.9566,671.39,248.03,0.9359,602.85,260.79,0.925,638.68,282.96,0.9952,618.09,283.28,0.9944,640.0,316.95,0.9869,614.27,316.56,0.9863,627.1,348.49,0.9544,601.87,347.35,0.9541
Moguls_Frauen_Final_1_09,62,5,579.79,214.52,676.59,370.78,0.6647,632.1,237.26,0.9693,634.38,234.02,0.8906,628.32,234.24,0.958,637.14,233.71,0.5504,620.4,234.2,0.87,641.95,247.51,0.9783,613.13,250.53,0.9926,652.56,256.84,0.8857,602.57,267.45,0.9719,654.66,254.95,0.841,604.8,271.91,0.9441,634.93,291.88,0.9854,615.98,292.66,0.9912,633.49,325.81,0.9575,610.48,326.78,0.9755,622.04,352.31,0.8774,598.93,353.1,0.9124
Moguls_Frauen_Final_1_09,63,5,573.68,221.22,666.53,373.97,0.7173,626.4,244.56,0.9554,628.74,241.34,0.8734,623.04,241.65,0.909,633.29,240.7,0.6324,618.33,241.73,0.7394,640.59,255.04,0.9848,613.08,255.79,0.9902,648.58,268.48,0.9428,600.8,270.44,0.9682,642.19,270.53,0.9113,598.87,277.41,0.9435,632.63,297.48,0.9905,614.21,296.88,0.9922,632.52,328.7,0.9715,608.57,328.59,0.9778,623.34,356.48,0.907,595.6,357.14,0.9207
Moguls_Frauen_Final_1_09,64,5,573.43,227.74,660.85,373.85,0.7787,624.55,250.18,0.9631,627.16,247.1,0.9211,621.25,247.15,0.9084,632.26,246.22,0.7537,616.99,246.83,0.6836,639.35,259.57,0.9902,613.41,260.45,0.9854,647.3,270.89,0.9616,604.42,274.62,0.9394,641.36,268.5,0.9311,609.48,277.25,0.9062,631.94,300.38,0.9915,614.54,299.63,0.9895,630.23,329.1,0.977,608.35,328.17,0.9731,620.4,357.18,0.9271,595.67,355.47,0.9204
Moguls_Frauen_Final_1_09,65,5,578.84,233.52,658.87,369.74,0.6704,624.14,257.4,0.9436,626.45,254.59,0.8911,621.11,254.47,0.8647,631.37,253.2,0.7259,616.99,253.48,0.6253,639.13,265.17,0.9877,612.49,265.27,0.9791,647.4,276.7,0.9564,602.62,279.4,0.9171,640.63,274.93,0.9211,602.49,286.21,0.8777,630.94,301.55,0.9885,613.9,300.33,0.9847,630.17,332.1,0.968,612.1,328.92,0.9599,621.49,351.46,0.9049,604.02,346.49,0.8924
Moguls_Frauen_Final_1_09,66,5,587.3,238.9,657.82,360.92,0.5342,624.97,262.11,0.9296,627.81,259.1,0.8781,622.19,258.79,0.8717,632.83,257.58,0.6489,618.42,256.76,0.6259,640.3,268.57,0.9878,612.56,266.9,0.9923,648.37,281.58,0.9473,604.42,278.48,0.9664,641.84,279.98,0.9251,608.85,278.31,0.9438,632.18,304.52,0.9892,614.41,303.52,0.9917,635.16,324.96,0.9618,616.71,323.73,0.9674,625.18,341.98,0.8859,610.24,340.06,0.8981
Moguls_Frauen_Final_1_09,67,5,597.58,240.54,655.06,338.76,0.6273,628.48,261.81,0.9329,631.27,259.01,0.867,625.66,258.36,0.8772,635.3,257.35,0.6126,620.92,255.6,0.6424,641.02,267.6,0.9852,613.54,265.31,0.9876,651.85,280.11,0.9224,605.34,277.53,0.9341,646.79,280.58,0.8839,608.09,282.1,0.8945,631.5,301.81,0.976,613.29,300.95,0.9787,644.57,317.04,0.9035,622.69,316.18,0.9102,639.65,332.58,0.7599,617.74,331.0,0.7678
Moguls_Frauen_Final_1_09,68,5,603.28,236.01,657.23,326.97,0.6311,628.42,255.8,0.9444,631.46,252.5,0.9279,625.65,252.45,0.8908,637.11,250.16,0.7576,621.6,249.81,0.5876,645.77,261.46,0.9881,615.14,259.22,0.9894,655.68,280.79,0.9457,604.78,271.56,0.9374,650.82,288.19,0.906,605.81,269.23,0.8936,641.02,296.25,0.9711,621.2,295.38,0.9732,646.37,306.17,0.8554,620.33,305.15,0.8497,647.73,320.42,0.6562,623.74,318.72,0.6466
Moguls_Frauen_Final_1_09,71,9,573.7,210.13,675.46,377.48,0.7128,640.09,231.05,0.9737,643.23,227.73,0.9106,636.57,227.8,0.9489,647.12,225.82,0.6135,629.23,225.88,0.8029,654.31,240.07,0.9819,620.54,238.53,0.9936,664.34,259.77,0.9238,601.68,243.61,0.9772,656.09,273.07,0.899,585.4,239.89,0.9585,652.78,283.12,0.9868,631.49,283.27,0.9918,653.27,317.58,0.9702,631.58,319.8,0.9818,654.84,345.53,0.9194,636.68,350.22,0.9425
Moguls_Frauen_Final_1_09,72,9,577.16,204.77,682.44,378.41,0.3434,643.66,226.27,0.9702,646.26,223.17,0.8924,640.22,223.03,0.9525,649.68,221.6,0.5603,632.48,221.24,0.8388,656.11,234.96,0.9797,624.29,234.67,0.992,666.23,251.59,0.8996,611.01,245.22,0.9701,660.07,260.13,0.8552,600.88,240.98,0.9441,654.13,278.29,0.9835,633.48,278.54,0.9896,661.14,315.24,0.9603,637.61,315.04,0.9756,660.62,346.7,0.8918,639.07,346.97,0.9209
Moguls_Frauen_Final_1_09,73,9,587.02,201.21,684.78,362.56,0.6537,645.0,221.2,0.9684,648.15,218.2,0.91,642.25,218.58,0.9295,652.26,217.39,0.7042,636.5,217.79,0.7703,659.1,232.34,0.9915,626.73,232.29,0.9923,671.97,248.52,0.9609,613.13,239.8,0.9648,664.43,257.57,0.9301,603.86,238.97,0.9385,654.56,274.09,0.9935,634.92,275.17,0.9938,659.83,306.61,0.984,643.27,308.91,0.9852,672.38,327.74,0.9541,660.54,331.28,0.9573
Moguls_Frauen_Final_1_09,74,9,597.86,199.63,682.13,338.15,0.794,649.52,221.33,0.9656,651.91,218.33,0.8838,646.48,218.55,0.9419,654.36,217.51,0.6133,639.11,217.7,0.8408,658.55,231.48,0.9879,629.77,230.81,0.9937,671.87,246.04,0.9439,615.25,241.1,0.9762,672.46,247.62,0.9101,606.38,242.36,0.9545,655.05,270.47,0.9913,636.87,271.29,0.9937,661.78,300.72,0.971,642.86,302.75,0.9794,670.34,316.96,0.9043,651.57,320.1,0.9226
Moguls_Frauen_Final_1_09,75,9,603.46,201.54,691.92,346.97,0.6271,648.36,222.2,0.9683,651.49,219.1,0.9116,645.3,219.69,0.9313,655.79,218.94,0.72,639.77,219.9,0.7864,660.43,234.33,0.992,631.89,235.5,0.9926,673.39,250.77,0.9627,619.38,248.13,0.9658,674.78,250.73,0.9314,613.42,244.19,0.9387,657.98,275.27,0.9938,640.17,277.35,0.9939,665.57,309.17,0.9822,649.1,313.46,0.9833,678.18,330.72,0.9391,662.61,336.72,0.9422
Moguls_Frauen_Final_1_09,76,9,609.97,206.56,703.8,360.98,0.832,653.83,229.39,0.9699,656.75,226.16,0.899,650.69,226.87,0.9429,659.42,225.53,0.6347,643.0,226.4,0.8251,661.51,240.46,0.9906,632.57,240.83,0.9934,673.72,254.88,0.9539,619.77,249.57,0.9693,678.11,258.59,0.9202,622.3,248.42,0.9441,660.49,282.2,0.9947,642.35,284.97,0.9953,669.58,314.29,0.9891,653.1,320.47,0.9908,687.16,340.23,0.97,671.39,348.28,0.9734
Moguls_Frauen_Final_1_09,77,9,615.63,213.23,703.47,358.61,0.8142,656.66,237.96,0.9641,658.58,234.49,0.8824,653.28,235.08,0.935,660.41,232.71,0.5992,644.81,233.69,0.8237,664.26,246.7,0.9889,635.29,247.01,0.9916,677.44,262.11,0.9505,625.07,258.13,0.9659,683.93,269.75,0.9174,628.93,258.26,0.9419,663.28,284.81,0.991,645.17,286.68,0.9919,671.81,315.43,0.9737,654.64,317.94,0.9773,681.65,338.43,0.9149,664.66,339.38,0.923
Moguls_Frauen_Final_1_09,78,9,622.41,219.69,702.38,351.92,0.8003,652.69,242.37,0.9654,655.29,239.17,0.9225,649.41,239.43,0.9437,659.37,238.18,0.6253,643.56,238.41,0.7706,663.58,250.02,0.994,636.73,249.72,0.9971,674.05,266.99,0.9723,629.05,262.79,0.9868,688.78,281.86,0.959,632.1,265.03,0.9749,662.26,285.65,0.9965,645.2,286.38,0.9977,666.72,310.99,0.9882,647.35,311.67,0.9911,674.47,333.17,0.963,653.66,334.02,0.9695
Moguls_Frauen_Final_1_09,79,9,619.02,224.27,692.23,346.67,0.7525,648.08,245.3,0.9558,651.22,241.98,0.92,644.94,242.36,0.9241,656.32,241.39,0.6921,639.77,242.26,0.7252,662.35,253.07,0.9922,633.64,255.04,0.9953,672.81,265.45,0.9566,626.01,268.66,0.97,668.46,267.29,0.9357,630.57,270.25,0.9471,661.57,289.42,0.994,642.95,290.69,0.9954,663.53,307.86,0.9835,641.88,308.69,0.985,671.77,326.97,0.9582,654.08,327.83,0.9605
Moguls_Frauen_Final_1_09,80,9,616.11,225.42,683.22,338.76,0.5642,644.67,245.61,0.9562,647.71,242.47,0.9215,641.58,242.77,0.9241,653.11,241.68,0.6849,636.93,242.47,0.71,659.3,252.5,0.9878,631.53,253.96,0.9926,666.71,265.16,0.9308,622.45,268.16,0.9544,661.72,266.04,0.8994,624.91,271.56,0.9202,655.95,288.05,0.9836,637.78,288.59,0.9871,659.91,306.44,0.9411,636.08,306.46,0.9474,661.75,326.74,0.8502,640.71,326.57,0.8626
Moguls_Frauen_Final_1_09,81,9,620.59,223.39,694.19,345.66,0.5574,643.7,242.73,0.9699,646.49,239.56,0.9217,639.98,239.88,0.9325,651.85,238.7,0.7213,635.05,239.59,0.7551,659.85,251.85,0.9888,630.2,253.55,0.9882,678.28,256.1,0.953,619.1,265.96,0.9522,694.15,249.73,0.9208,626.18,270.91,0.9228,657.19,294.31,0.9828,638.63,295.09,0.9822,657.97,325.09,0.9326,639.88,324.79,0.9334,654.95,344.5,0.7825,637.6,342.3,0.7839
Moguls_Frauen_Final_1_09,82,9,624.33,220.21,692.11,328.86,0.5401,638.03,239.41,0.9676,641.51,236.34,0.947,635.15,236.56,0.8927,648.61,234.5,0.8504,631.91,235.18,0.5888,658.21,243.58,0.9944,627.0,247.85,0.9815,677.5,249.46,0.9819,616.94,263.86,0.9154,691.68,246.59,0.9633,621.27,267.1,0.8843,655.44,281.89,0.9904,635.5,283.28,0.9822,651.62,298.64,0.9657,626.81,298.65,0.9391,653.93,321.53,0.8783,631.02,318.56,0.83
Moguls_Frauen_Final_1_09,83,9,612.33,215.96,697.77,352.9,0.5548,635.44,235.01,0.97,638.66,231.68,0.9402,632.29,231.96,0.9083,645.18,230.56,0.8149,628.83,231.37,0.6667,654.7,242.56,0.9939,624.24,245.76,0.9875,673.05,250.03,0.9774,612.92,263.57,0.9433,686.87,245.96,0.9578,617.66,272.21,0.9165,649.09,283.73,0.9924,629.67,284.39,0.9885,646.48,309.33,0.975,625.26,308.39,0.9658,642.92,339.22,0.9041,621.51,335.39,0.8878
Moguls_Frauen_Final_1_09,84,9,604.29,213.26,699.95,367.97,0.6485,634.25,232.65,0.9637,637.12,229.2,0.9068,630.86,229.87,0.9229,642.15,228.19,0.6972,626.16,229.69,0.7549,650.4,239.76,0.9877,620.83,245.4,0.9898,668.42,246.24,0.9492,610.93,263.91,0.9599,683.8,244.67,0.9159,611.94,268.1,0.9298,645.82,285.53,0.9913,626.5,287.44,0.9916,643.67,322.91,0.9736,619.87,324.25,0.9767,640.71,357.4,0.9048,614.55,357.19,0.9137
Moguls_Frauen_Final_1_09,85,9,598.13,212.33,694.36,369.01,0.7589,628.24,232.96,0.9708,631.6,229.75,0.9331,624.71,229.87,0.9168,638.5,228.98,0.7933,620.91,229.99,0.6859,648.22,241.34,0.9942,616.47,247.36,0.99,665.46,247.77,0.9756,605.88,269.33,0.9556,676.17,247.1,0.9495,609.75,275.15,0.9245,642.22,285.46,0.9949,622.13,287.0,0.9934,641.91,318.46,0.9842,620.11,318.86,0.9809,629.63,342.89,0.9431,612.36,342.19,0.9359
Moguls_Frauen_Final_1_09,86,9,589.12,214.49,685.19,372.46,0.7554,630.34,235.76,0.9702,632.46,232.37,0.9055,626.26,232.8,0.9494,636.22,231.73,0.6389,619.82,233.17,0.8408,644.47,245.62,0.9862,615.22,250.35,0.9934,658.82,255.37,0.9257,605.03,270.17,0.9724,667.46,254.55,0.8854,604.11,273.53,0.9459,639.72,289.9,0.9913,621.3,290.85,0.9938,637.34,324.69,0.9768,617.49,323.73,0.9846,622.28,355.14,0.9269,603.98,352.22,0.9447
Moguls_Frauen_Final_1_09,87,9,576.66,218.02,671.06,375.67,0.8311,623.66,240.99,0.9499,626.03,237.58,0.8832,620.03,238.18,0.8884,631.48,236.66,0.6903,616.34,238.83,0.6776,641.64,250.39,0.9853,613.69,254.48,0.9872,650.21,262.69,0.9421,602.43,270.6,0.9533,641.61,264.75,0.9037,598.25,269.63,0.9198,635.89,295.7,0.9916,617.64,295.87,0.9921,632.69,328.8,0.9798,611.03,328.77,0.9821,618.73,358.82,0.9394,597.21,358.54,0.9447
Moguls_Frauen_Final_1_09,88,9,569.75,223.23,662.07,379.05,0.7815,619.5,246.04,0.9637,622.39,242.78,0.9245,615.82,242.93,0.9083,629.0,242.32,0.7786,612.57,243.59,0.6824,638.51,257.64,0.9903,611.12,260.74,0.9878,647.68,273.14,0.9572,600.2,281.26,0.9456,642.24,276.44,0.9205,594.6,286.06,0.9074,631.75,302.26,0.9923,614.09,301.82,0.9913,629.02,334.99,0.9793,608.22,333.61,0.9782,612.83,363.16,0.9337,592.75,361.29,0.9326
Moguls_Frauen_Final_1_09,89,9,573.48,227.96,658.97,373.07,0.7385,624.01,251.25,0.9667,626.19,247.81,0.9049,620.25,248.13,0.9364,630.27,246.59,0.6683,613.89,247.73,0.7982,638.13,260.09,0.9869,609.63,264.11,0.9921,648.52,275.72,0.9421,598.15,284.4,0.9699,639.42,279.39,0.9106,589.21,287.59,0.9462,633.89,301.34,0.9886,615.51,301.85,0.991,629.96,332.39,0.9593,608.41,332.91,0.9689,615.96,355.07,0.8591,596.42,354.99,0.8809
Moguls_Frauen_Final_1_09,90,9,577.63,231.71,654.3,360.71,0.3304,620.96,253.44,0.9604,623.88,250.52,0.9044,617.85,250.64,0.9143,629.38,249.82,0.7202,613.47,250.36,0.7338,637.8,263.81,0.9865,608.72,265.77,0.989,648.31,282.12,0.9413,597.02,285.95,0.9536,640.68,286.09,0.9042,586.04,293.61,0.9201,632.6,300.67,0.9814,614.88,300.7,0.9829,630.16,325.69,0.9381,614.68,324.78,0.9447,624.89,339.48,0.8258,616.41,338.52,0.8395
Moguls_Frauen_Final_1_09,91,9,591.79,233.61,655.36,340.12,0.514,622.6,255.6,0.9467,625.78,252.24,0.9216,619.68,252.22,0.8908,631.14,250.1,0.745,615.36,250.0,0.608,638.57,261.7,0.9903,609.05,261.52,0.9914,648.31,280.6,0.955,602.94,278.25,0.9471,641.85,289.78,0.9251,603.88,283.7,0.9115,634.13,298.58,0.9839,615.27,298.76,0.9849,635.49,316.72,0.9292,615.92,316.76,0.9251,636.71,330.45,0.798,621.32,330.1,0.789
Moguls_Frauen_Final_1_09,94,9,576.38,221.86,670.86,380.74,0.7073,634.29,243.4,0.9711,637.59,240.32,0.9215,631.3,240.09,0.928,642.27,237.96,0.7043,625.88,237.22,0.718,651.79,251.71,0.9876,617.43,247.72,0.9904,664.91,266.96,0.9547,597.83,245.03,0.9646,655.02,270.87,0.9285,582.39,236.6,0.9403,649.41,302.11,0.9883,627.34,300.95,0.9894,649.85,341.27,0.9636,625.11,341.95,0.9678,653.34,366.58,0.8737,628.78,369.3,0.8859
Moguls_Frauen_Final_1_09,95,9,577.69,216.67,675.07,379.46,0.7759,641.92,238.56,0.9613,644.27,235.63,0.8787,638.67,235.12,0.9323,647.07,233.92,0.5882,631.22,232.85,0.7926,652.02,246.86,0.9827,624.42,240.38,0.9913,665.23,262.27,0.936,602.85,242.7,0.9757,670.59,257.33,0.9132,588.58,235.94,0.9604,651.59,288.68,0.9904,633.22,286.95,0.9934,656.31,319.8,0.9674,632.02,321.22,0.9778,658.92,349.14,0.8814,627.2,354.45,0.9047
Moguls_Frauen_Final_1_09,96,9,582.36,213.89,680.57,376.48,0.7701,645.57,233.65,0.9538,647.88,230.95,0.8629,642.81,229.95,0.9086,649.83,230.63,0.5976,635.77,228.58,0.7513,655.54,246.34,0.9858,626.34,240.08,0.9896,670.64,264.88,0.9513,605.23,248.09,0.9699,677.11,258.62,0.9285,592.68,240.65,0.9533,653.4,294.14,0.9906,634.25,292.43,0.9922,661.91,330.68,0.9585,637.03,330.38,0.9659,665.13,357.68,0.8285,633.12,359.48,0.8452
Moguls_Frauen_Final_1_09,97,9,588.48,213.09,685.95,373.97,0.8227,650.11,233.67,0.9538,652.66,230.92,0.8709,647.41,230.6,0.9017,654.51,231.05,0.6473,640.43,230.02,0.7486,658.28,247.39,0.9905,630.61,240.88,0.9902,671.15,267.19,0.9643,614.19,248.69,0.9645,678.93,264.22,0.9395,605.32,247.49,0.943,652.8,289.84,0.9938,635.37,288.17,0.9938,656.77,321.75,0.9791,638.5,320.65,0.9794,672.46,348.59,0.9191,649.29,348.36,0.9195
Moguls_Frauen_Final_1_09,98,9,599.13,214.75,693.03,370.83,0.6958,655.6,238.92,0.9726,658.44,235.56,0.8984,652.71,235.58,0.9538,660.14,234.73,0.5777,644.09,233.41,0.8619,661.0,249.61,0.9869,632.29,243.71,0.9937,672.63,265.54,0.938,618.45,248.72,0.9755,682.61,266.98,0.9047,620.1,248.6,0.9539,655.55,286.91,0.9891,636.58,286.03,0.9919,660.89,315.72,0.9685,639.2,313.83,0.9779,679.53,347.37,0.897,653.46,343.6,0.9202
Moguls_Frauen_Final_1_09,99,9,611.49,218.45,701.43,370.51,0.8372,655.03,243.34,0.9655,658.06,239.92,0.9091,651.96,240.14,0.926,661.26,238.56,0.7079,644.92,238.53,0.7792,663.21,254.33,0.9921,634.89,251.72,0.9892,674.42,274.65,0.9649,628.1,268.53,0.9487,684.31,276.49,0.9343,637.44,276.18,0.9158,655.55,292.98,0.9919,637.66,293.28,0.9901,662.76,326.7,0.9755,646.72,326.01,0.9717,679.8,353.9,0.9143,662.4,351.4,0.9071
Moguls_Frauen_Final_1_09,100,9,621.17,223.9,699.15,356.2,0.492,660.04,249.02,0.9629,662.25,246.15,0.8926,656.88,245.6,0.9495,664.53,245.43,0.49,648.76,243.21,0.8313,665.36,256.63,0.9901,638.99,253.08,0.9951,674.65,275.3,0.9406,630.57,268.08,0.9748,685.98,284.93,0.9173,637.28,270.09,0.9535,658.5,288.71,0.989,642.0,287.84,0.9925,657.45,306.15,0.9626,642.39,305.7,0.972,659.59,329.53,0.8998,646.87,329.58,0.917
Moguls_Frauen_Final_1_09,101,9,624.77,227.88,698.77,353.09,0.7283,657.7,251.34,0.9664,660.53,248.3,0.9166,654.73,248.04,0.9477,664.1,247.4,0.5966,648.44,246.03,0.8069,665.26,259.8,0.9933,639.01,257.05,0.9966,673.85,279.26,0.9611,629.14,271.32,0.9812,687.83,291.34,0.9424,635.09,271.21,0.9644,657.53,293.95,0.9937,641.44,293.55,0.9957,656.29,313.93,0.9771,644.07,313.96,0.9823,656.6,334.32,0.9323,647.74,334.66,0.9429
Moguls_Frauen_Final_1_09,102,9,623.74,228.58,699.66,356.35,0.7948,654.97,251.63,0.9665,658.42,248.16,0.9163,651.62,247.61,0.9515,662.85,246.09,0.5611,645.56,244.06,0.8091,664.3,258.63,0.9918,636.34,256.35,0.9963,673.27,275.83,0.9553,627.78,274.52,0.9823,690.74,277.48,0.9406,634.91,274.31,0.967,655.43,300.17,0.9944,638.56,299.81,0.9963,659.12,324.9,0.9819,647.74,324.62,0.9869,653.12,343.16,0.9419,644.53,342.47,0.9546
Moguls_Frauen_Final_1_09,103,9,619.44,226.02,699.74,361.55,0.4493,651.98,246.3,0.9645,655.04,243.39,0.9146,648.62,243.13,0.9151,660.17,242.25,0.7344,643.61,241.99,0.7225,664.61,255.99,0.9911,636.14,254.5,0.9876,674.9,269.86,0.963,624.45,273.11,0.9458,687.72,263.39,0.9328,630.68,278.76,0.9124,652.31,292.12,0.9889,634.84,290.95,0.9865,652.35,323.67,0.9649,637.82,319.47,0.9597,647.21,346.46,0.8849,634.99,339.83,0.8758
Moguls_Frauen_Final_1_09,104,9,613.55,220.29,703.88,375.16,0.8133,649.39,238.99,0.9702,652.79,235.97,0.9217,646.0,235.64,0.9262,657.88,235.16,0.7435,640.88,234.63,0.7458,662.11,250.13,0.9929,634.05,249.49,0.9912,672.7,265.16,0.9682,623.61,268.28,0.9603,686.24,259.9,0.9398,631.18,264.68,0.9307,651.74,294.56,0.9942,634.12,293.85,0.9934,649.02,329.08,0.9841,633.05,326.82,0.9829,641.72,360.12,0.9436,628.76,356.45,0.9412
Moguls_Frauen_Final_1_09,105,9,610.57,216.07,703.49,377.68,0.8116,649.55,235.23,0.9655,652.11,232.17,0.8923,646.25,232.05,0.9309,655.26,230.9,0.6442,639.26,230.67,0.7967,659.05,243.69,0.9909,631.59,244.73,0.9927,672.33,257.99,0.9598,622.1,262.0,0.9719,684.29,256.75,0.9314,629.6,255.89,0.9492,651.94,285.69,0.9954,634.32,286.37,0.9958,650.96,317.86,0.988,631.81,320.22,0.9896,641.75,348.17,0.9578,623.98,351.07,0.9613
Moguls_Frauen_Final_1_09,106,9,605.96,212.52,701.31,380.58,0.8552,643.58,231.07,0.9715,646.79,228.12,0.9294,640.43,227.86,0.9272,651.94,227.91,0.7762,636.03,227.7,0.7465,657.76,241.98,0.9941,629.19,244.07,0.9921,669.41,255.16,0.9746,618.45,264.15,0.9651,681.56,254.74,0.9501,625.23,262.4,0.938,650.22,286.7,0.9959,631.62,287.16,0.9952,650.34,322.46,0.9869,627.23,322.06,0.9854,642.46,355.63,0.9459,618.44,354.06,0.9423
Moguls_Frauen_Final_1_09,107,9,604.1,211.66,694.65,371.96,0.837,644.72,233.05,0.9645,647.08,230.12,0.9018,641.38,229.96,0.9528,650.5,229.28,0.5121,635.4,228.59,0.8319,654.33,241.08,0.9915,627.87,241.05,0.9974,664.8,254.53,0.9552,618.82,256.68,0.9906,673.71,256.88,0.9422,621.59,259.27,0.9804,647.89,282.9,0.9957,631.28,283.1,0.9978,644.66,315.25,0.9837,629.75,315.66,0.9905,633.97,343.27,0.938,618.13,344.21,0.9584
Moguls_Frauen_Final_1_09,108,9,597.29,212.63,686.12,371.34,0.8429,640.77,234.65,0.9687,643.38,231.6,0.9162,637.17,231.46,0.9355,648.03,230.85,0.7061,631.62,231.11,0.7759,654.79,244.63,0.9889,626.83,246.37,0.9908,667.24,258.4,0.9487,615.27,263.2,0.9625,669.93,260.67,0.9109,610.84,260.75,0.9315,647.12,288.65,0.9916,629.11,288.34,0.9924,645.37,322.83,0.9741,625.04,322.39,0.9774,630.2,350.66,0.9101,611.17,350.13,0.9171
Moguls_Frauen_Final_1_09,109,9,591.39,215.23,676.59,370.14,0.7661,636.97,238.58,0.9656,640.04,235.23,0.9215,633.77,235.27,0.9209,645.84,234.34,0.7506,629.95,234.75,0.734,653.41,248.81,0.9884,626.14,249.86,0.9892,659.8,263.56,0.951,613.91,264.39,0.9561,651.35,267.23,0.9199,605.78,264.08,0.9286,645.9,292.43,0.9892,627.85,291.53,0.9894,645.8,326.01,0.965,623.35,323.6,0.9679,636.03,352.78,0.8787,613.21,349.23,0.8883
Moguls_Frauen_Final_1_09,110,9,590.02,218.66,670.13,365.7,0.7667,637.04,242.49,0.9725,640.21,239.28,0.9254,633.58,239.31,0.9402,645.62,238.76,0.7339,628.88,239.17,0.7889,652.37,253.74,0.9883,624.54,254.62,0.9927,658.51,268.78,0.9459,612.26,269.2,0.9693,649.9,275.14,0.9143,601.8,273.16,0.9448,644.99,295.6,0.988,626.72,294.74,0.9902,645.14,327.44,0.9617,623.42,324.93,0.9701,637.42,349.95,0.8781,617.0,347.06,0.898
Moguls_Frauen_Final_1_09,111,9,591.62,222.47,664.94,356.31,0.7996,634.76,245.62,0.9668,637.88,242.28,0.9454,631.4,242.44,0.9375,643.6,241.28,0.7485,627.48,242.14,0.6973,651.57,254.07,0.9922,624.06,255.67,0.9963,659.53,270.0,0.9646,613.46,273.42,0.9825,651.75,274.05,0.9487,601.03,284.42,0.9672,644.67,294.62,0.9929,627.54,294.76,0.9951,646.15,322.28,0.9699,629.79,322.16,0.9756,635.42,342.97,0.8913,621.5,342.66,0.9067
Moguls_Frauen_Final_1_09,112,9,595.0,225.72,665.1,351.64,0.5032,638.75,248.06,0.9618,641.65,245.22,0.9028,635.48,245.18,0.9216,647.2,243.97,0.6862,630.39,244.21,0.7411,654.52,255.08,0.9837,625.77,256.95,0.9876,662.38,268.17,0.9338,613.83,272.5,0.9534,654.35,274.33,0.8964,602.75,280.07,0.923,651.43,291.01,0.9776,632.98,291.23,0.9806,653.41,314.52,0.9289,634.06,313.7,0.9393,647.79,334.9,0.8093,633.42,334.28,0.8273
Moguls_Frauen_Final_1_09,113,9,611.02,226.39,667.56,325.4,0.5234,641.26,247.65,0.9584,644.04,244.56,0.9239,638.24,244.62,0.9304,648.22,242.76,0.6839,633.1,242.71,0.7427,653.64,252.37,0.9913,626.3,252.43,0.9949,663.84,269.08,0.9535,618.71,266.1,0.9713,663.84,278.83,0.9263,616.48,267.82,0.9463,651.43,281.97,0.986,634.24,282.74,0.9896,654.98,297.11,0.9377,638.49,297.99,0.9475,657.22,311.69,0.8276,644.24,312.68,0.8445
Moguls_Frauen_Final_1_09,116,9,608.28,209.64,673.48,317.66,0.4499,645.81,232.43,0.9741,648.96,228.66,0.9453,641.9,229.03,0.9618,654.19,225.29,0.6264,635.89,226.1,0.7998,661.9,234.49,0.9877,629.47,234.17,0.9962,672.8,247.97,0.9258,613.0,239.61,0.982,669.76,258.13,0.9021,600.79,235.82,0.9653,660.45,270.2,0.9868,640.19,270.77,0.9928,668.07,287.19,0.9471,645.15,287.55,0.9665,670.56,309.31,0.8557,650.94,309.6,0.894
Moguls_Frauen_Final_1_09,117,9,603.6,204.98,686.4,340.72,0.8214,648.79,227.63,0.9722,651.83,224.48,0.9224,645.68,225.01,0.9332,656.8,222.09,0.726,640.08,223.04,0.7528,664.76,234.64,0.9924,633.06,234.13,0.993,678.54,249.51,0.9679,617.71,239.96,0.9707,669.32,246.58,0.944,605.86,234.92,0.9499,664.52,273.11,0.9948,644.5,274.09,0.995,670.56,302.25,0.9874,648.91,306.05,0.9883,682.59,323.17,0.9628,661.16,330.19,0.9655
Moguls_Frauen_Final_1_09,118,9,605.22,202.51,690.4,339.83,0.7112,653.1,226.28,0.9722,655.74,222.99,0.9179,649.86,223.51,0.9415,659.65,220.63,0.7037,643.05,221.52,0.8061,667.07,233.6,0.992,634.12,233.65,0.9934,680.37,248.15,0.9619,619.79,241.41,0.9697,673.44,249.07,0.932,610.48,237.29,0.9458,665.58,272.99,0.9934,645.18,273.88,0.9938,671.73,304.8,0.9808,652.14,305.16,0.9828,684.41,326.3,0.9366,667.56,326.03,0.9424
Moguls_Frauen_Final_1_09,119,9,608.86,202.4,698.54,345.81,0.7824,654.3,226.31,0.9717,657.14,223.08,0.9255,651.16,223.54,0.9336,661.46,221.48,0.748,645.08,222.18,0.7784,668.39,235.29,0.9937,636.43,234.09,0.9927,681.97,249.45,0.9711,623.68,240.87,0.9644,681.29,253.19,0.9438,617.88,239.5,0.9376,665.43,273.35,0.9951,645.4,273.57,0.9946,672.74,303.67,0.9871,651.73,301.3,0.9863,689.73,329.49,0.9583,669.08,324.43,0.9582
Moguls_Frauen_Final_1_09,120,9,614.24,204.32,705.76,350.71,0.8353,656.46,229.54,0.9696,659.36,226.04,0.9181,653.37,226.86,0.9363,663.16,224.09,0.711,646.95,225.31,0.7907,667.63,236.82,0.9915,637.9,237.34,0.9917,678.94,250.65,0.9614,625.44,245.83,0.9611,684.36,257.33,0.9302,627.75,243.48,0.9332,666.75,273.93,0.994,647.6,275.76,0.9938,673.49,300.47,0.987,651.24,301.89,0.9871,693.08,330.52,0.963,669.08,329.78,0.9642
Moguls_Frauen_Final_1_09,121,9,617.79,208.87,705.34,348.47,0.8262,657.1,234.71,0.969,660.1,231.5,0.9176,654.23,231.94,0.9363,663.8,229.18,0.7059,647.69,229.48,0.789,667.82,241.31,0.9902,639.19,241.72,0.9904,681.91,255.55,0.9567,627.64,250.88,0.9572,690.32,265.34,0.9234,628.51,251.81,0.9282,668.3,279.02,0.9905,650.24,281.27,0.9902,675.17,306.16,0.9725,655.41,310.8,0.9732,689.24,325.75,0.9162,669.55,330.77,0.9185
Moguls_Frauen_Final_1_09,122,9,623.14,213.59,705.47,345.16,0.5426,654.7,238.37,0.9674,657.92,235.24,0.9173,651.84,235.86,0.9338,662.81,234.05,0.7293,646.63,234.79,0.7856,668.17,246.63,0.9892,639.96,247.9,0.9911,682.14,264.59,0.9502,631.56,261.94,0.9602,690.81,276.49,0.9136,631.09,259.82,0.9297,667.1,278.56,0.988,649.47,280.33,0.9887,671.06,302.73,0.9663,652.13,305.11,0.9698,682.66,323.69,0.9013,666.47,325.51,0.9097
Moguls_Frauen_Final_1_09,123,9,618.1,217.63,694.28,341.5,0.58,650.18,236.49,0.9529,652.91,233.69,0.9219,647.54,234.07,0.914,657.41,234.08,0.733,643.5,235.13,0.7011,664.25,246.34,0.9922,638.08,248.13,0.9951,673.45,259.41,0.9571,629.64,260.8,0.9683,666.09,263.42,0.9329,629.27,263.75,0.9425,662.83,280.35,0.9918,645.98,281.37,0.9935,666.56,299.71,0.9702,647.82,300.39,0.9726,670.02,319.55,0.9196,655.86,320.24,0.9238
Moguls_Frauen_Final_1_09,124,9,615.84,217.12,688.53,338.08,0.5975,647.97,238.59,0.9563,650.92,235.27,0.9202,644.74,235.7,0.9322,656.16,233.4,0.6699,640.27,234.54,0.7503,663.46,243.34,0.9895,634.62,246.12,0.9947,674.64,254.71,0.9325,627.7,261.35,0.9669,671.39,256.12,0.9027,629.75,266.36,0.9377,661.14,279.22,0.9892,642.56,280.57,0.9925,664.51,297.89,0.9655,642.1,298.77,0.9729,665.72,316.72,0.9149,646.43,317.61,0.9282
Moguls_Frauen_Final_1_09,125,9,618.35,214.51,702.01,354.05,0.6235,642.67,233.95,0.9649,646.03,230.87,0.9403,639.32,230.89,0.8866,653.07,229.38,0.8411,635.82,230.03,0.6022,662.31,240.52,0.9947,632.17,244.45,0.983,680.02,244.63,0.9812,624.21,259.26,0.9186,694.51,238.75,0.9602,627.13,258.23,0.8853,658.73,283.63,0.9935,640.09,284.52,0.9881,658.33,313.47,0.9784,640.14,310.86,0.9631,654.91,339.5,0.9165,641.07,332.98,0.8862
Moguls_Frauen_Final_1_09,126,9,613.76,208.59,706.58,365.39,0.7095,640.95,227.27,0.9589,644.25,223.79,0.9264,637.45,224.17,0.889,650.63,222.2,0.7937,633.32,223.35,0.6264,658.79,233.94,0.9911,629.45,238.13,0.9805,677.45,240.17,0.9704,622.09,252.7,0.9194,690.55,230.59,0.9484,627.34,246.26,0.8923,656.7,285.67,0.9914,638.13,287.45,0.987,654.27,326.88,0.9627,636.48,328.58,0.9466,652.97,356.68,0.8374,636.83,356.59,0.8002
Moguls_Frauen_Final_1_09,127,9,610.55,201.81,703.38,359.76,0.6429,639.93,220.33,0.9623,642.71,216.93,0.9099,636.16,217.26,0.9096,647.43,215.6,0.7177,630.5,216.62,0.7204,656.27,227.22,0.9902,625.37,231.66,0.9885,672.53,234.81,0.959,617.7,249.79,0.9496,685.96,230.17,0.9259,622.11,246.11,0.9169,653.08,271.79,0.9921,633.04,272.85,0.991,650.6,306.56,0.9796,629.28,304.51,0.9786,645.61,334.57,0.9327,626.72,328.56,0.933
Moguls_Frauen_Final_1_09,128,9,605.95,196.96,697.06,353.19,0.6323,637.75,216.75,0.9595,640.04,213.53,0.8883,634.02,214.03,0.9304,643.85,212.13,0.6326,627.51,213.56,0.7877,650.01,222.54,0.9828,622.54,227.65,0.9888,667.16,229.99,0.9264,612.81,244.64,0.9588,679.13,228.5,0.8863,614.85,248.33,0.9261,648.7,263.91,0.9886,631.02,266.35,0.9908,647.52,298.9,0.9666,627.57,303.4,0.9736,639.81,324.46,0.8932,620.5,329.94,0.9058
Moguls_Frauen_Final_1_09,129,9,594.99,194.79,684.83,353.15,0.7173,634.81,214.34,0.9592,636.8,211.21,0.8732,631.17,211.61,0.9287,639.87,210.73,0.5974,624.49,211.83,0.8103,647.12,223.11,0.9848,619.16,227.21,0.9924,657.9,233.25,0.9336,610.05,244.76,0.973,656.78,232.77,0.9035,610.34,249.31,0.9516,644.52,265.92,0.9922,626.38,267.07,0.9943,642.05,301.88,0.9777,622.86,302.54,0.9847,631.25,331.93,0.9246,613.88,331.62,0.9416
Moguls_Frauen_Final_1_09,130,9,584.58,194.94,673.8,356.11,0.818,628.6,218.37,0.9595,630.95,214.96,0.9111,624.91,215.47,0.9393,635.83,213.34,0.5887,620.05,214.85,0.7575,644.21,225.47,0.9877,615.78,228.78,0.9958,652.99,238.91,0.9297,608.02,248.22,0.9815,648.86,238.86,0.9093,607.07,256.74,0.9637,640.53,270.26,0.9947,622.22,271.34,0.997,637.55,303.74,0.988,616.15,304.44,0.9922,628.75,334.34,0.9641,606.49,335.24,0.974
Moguls_Frauen_Final_1_09,131,9,580.03,198.51,665.44,355.45,0.7979,626.22,222.62,0.9577,628.56,219.15,0.9095,622.47,219.73,0.9338,633.0,218.31,0.6006,617.26,219.74,0.7519,640.86,231.85,0.9889,612.48,234.27,0.9956,650.49,248.22,0.9359,604.9,254.34,0.9783,647.98,247.15,0.9153,602.2,257.07,0.9587,634.75,274.76,0.9946,617.24,275.38,0.9967,628.19,305.91,0.9878,613.41,306.42,0.9913,618.74,334.35,0.9638,608.16,335.2,0.972
Moguls_Frauen_Final_1_09,132,9,583.61,203.16,662.19,347.77,0.7815,622.52,226.16,0.9697,625.4,223.29,0.9333,619.21,223.42,0.9217,630.75,222.91,0.7933,614.46,223.66,0.7241,639.73,236.85,0.9928,610.24,239.78,0.9894,653.65,250.52,0.9687,601.09,257.16,0.9493,644.46,255.88,0.9411,595.92,265.58,0.9173,632.56,277.98,0.9903,614.26,278.0,0.9881,629.37,311.34,0.9621,613.03,310.7,0.9557,621.69,330.09,0.8598,610.5,328.2,0.8486
Moguls_Frauen_Final_1_09,133,9,583.57,207.97,657.38,341.78,0.7061,621.44,230.2,0.9705,624.24,227.34,0.9301,617.94,227.2,0.9307,629.74,226.67,0.7715,612.84,226.98,0.7571,638.74,240.55,0.9914,609.38,242.39,0.9907,652.41,255.01,0.9595,598.74,260.64,0.9565,642.09,258.18,0.9297,589.0,273.52,0.9268,633.2,277.07,0.9878,615.52,276.65,0.9872,632.18,306.13,0.957,618.44,304.38,0.9572,621.13,324.17,0.8566,615.13,322.01,0.8599
Moguls_Frauen_Final_1_09,134,9,593.44,211.41,656.91,324.9,0.4945,621.74,235.06,0.9603,624.64,231.62,0.9477,618.44,231.81,0.9096,629.65,229.09,0.8043,613.32,229.77,0.5985,639.12,239.37,0.9932,607.18,241.09,0.9927,653.41,255.95,0.9715,601.12,257.68,0.9504,639.82,260.24,0.9496,595.94,260.73,0.9196,634.67,277.28,0.9848,614.17,278.11,0.9843,634.25,294.69,0.9124,612.91,295.58,0.8942,634.66,313.71,0.7282,618.91,314.87,0.6943
Moguls_Frauen_Final_1_09,135,9,596.87,211.37,657.29,318.49,0.4535,621.9,233.82,0.9593,624.98,230.53,0.9424,618.55,230.46,0.9144,630.35,228.24,0.7701,613.69,227.93,0.6224,637.85,238.29,0.9912,608.98,236.59,0.992,650.42,254.55,0.9576,601.9,246.33,0.9476,647.25,265.22,0.9311,602.08,245.13,0.9175,633.62,271.28,0.9854,615.03,270.81,0.9865,637.16,285.61,0.946,615.94,285.16,0.943,637.26,305.84,0.8586,617.93,305.07,0.8517
Moguls_Frauen_Final_1_09,136,9,605.3,207.81,651.75,284.81,0.2,625.15,229.15,0.9621,628.02,225.78,0.9493,621.79,225.83,0.935,632.7,223.18,0.7558,615.8,223.0,0.6902,639.58,233.74,0.9819,609.67,232.05,0.9834,648.6,253.29,0.9006,599.87,245.48,0.8821,644.83,264.65,0.8249,597.01,246.23,0.8002,636.08,267.0,0.8972,616.91,266.56,0.8999,640.46,275.04,0.5034,617.04,274.42,0.4865,641.16,289.44,0.253,622.96,288.51,0.2456
Moguls_Frauen_Final_1_09,138,13,561.41,195.8,670.37,305.88,0.6147,628.33,217.79,0.9672,631.17,214.76,0.9312,625.15,214.68,0.9509,635.42,212.72,0.6335,619.63,212.52,0.7804,642.17,222.16,0.9905,612.74,220.63,0.997,652.57,236.28,0.9496,598.0,228.21,0.9872,646.97,245.06,0.9301,583.63,231.0,0.9737,636.41,255.75,0.9924,617.74,255.2,0.9958,643.73,275.63,0.9693,619.53,274.81,0.9802,648.34,299.24,0.9084,624.75,298.37,0.9321
Moguls_Frauen_Final_1_09,139,13,552.98,192.99,689.1,331.42,0.7643,628.85,212.46,0.967,632.32,209.17,0.9172,626.07,209.41,0.9204,637.54,208.03,0.7545,621.29,208.18,0.7517,643.69,222.35,0.993,613.62,222.68,0.9927,657.27,236.01,0.971,598.13,233.64,0.968,658.06,236.92,0.9457,583.98,237.01,0.9434,641.12,264.16,0.9951,622.39,265.13,0.9948,647.91,295.18,0.9842,626.87,296.1,0.9843,660.75,318.53,0.941,639.64,320.11,0.9432
Moguls_Frauen_Final_1_09,140,13,553.61,191.1,697.15,338.44,0.8263,630.22,210.07,0.9686,633.37,206.81,0.9161,627.26,207.11,0.9262,637.85,206.51,0.7409,622.04,206.82,0.773,644.29,222.4,0.9931,614.11,222.01,0.9932,657.64,237.37,0.9701,599.46,233.56,0.9697,659.64,236.83,0.944,587.21,236.7,0.9454,641.88,264.91,0.9948,622.9,265.5,0.9947,649.03,295.7,0.9827,627.1,295.1,0.9832,663.54,320.22,0.9345,639.68,319.08,0.9379
Moguls_Frauen_Final_1_09,141,13,556.77,191.17,700.66,340.72,0.8445,631.14,212.1,0.9591,634.08,208.67,0.886,628.25,209.12,0.9095,638.05,207.57,0.6842,622.83,208.14,0.7599,642.84,222.31,0.9913,614.96,222.37,0.9925,653.63,237.59,0.9659,601.14,234.81,0.9707,656.75,238.79,0.9391,591.4,239.87,0.9475,642.24,264.51,0.9948,624.54,265.79,0.995,649.79,296.41,0.9836,629.71,297.47,0.985,665.36,322.59,0.9394,642.79,323.65,0.9445
Moguls_Frauen_Final_1_09,142,13,558.4,193.02,706.5,349.57,0.885,633.63,214.76,0.9672,636.46,211.32,0.8933,630.48,211.95,0.9276,639.99,210.3,0.6681,624.23,211.26,0.7979,644.69,225.24,0.9924,615.11,225.64,0.9946,655.76,239.71,0.9673,600.58,237.44,0.9773,659.55,244.49,0.9407,595.22,243.45,0.9565,644.21,268.81,0.9959,625.53,270.34,0.9963,651.87,300.8,0.9893,633.01,301.11,0.9909,668.75,331.45,0.9631,649.57,330.48,0.968
Moguls_Frauen_Final_1_09,143,13,563.9,197.3,708.57,353.17,0.8701,635.49,220.33,0.9651,638.25,216.95,0.8931,632.69,217.51,0.9223,641.56,215.7,0.6787,627.21,216.42,0.7869,646.52,230.13,0.9921,618.15,230.12,0.9938,658.77,245.82,0.9665,604.64,242.44,0.974,664.61,250.5,0.9385,599.66,246.21,0.9509,644.82,273.14,0.9953,626.78,274.37,0.9956,652.6,304.62,0.9876,633.11,304.49,0.989,669.92,334.67,0.9574,648.54,332.93,0.9621
Moguls_Frauen_Final_1_09,144,13,573.93,202.85,707.72,350.39,0.8663,636.78,225.23,0.9683,639.25,221.9,0.9151,633.52,222.63,0.9259,642.59,221.8,0.7203,627.26,223.18,0.7607,648.2,237.33,0.9923,619.31,237.8,0.9898,661.56,253.97,0.9674,608.72,249.54,0.9543,667.26,259.53,0.9391,610.5,247.66,0.9267,647.21,277.08,0.9921,628.36,278.7,0.9909,654.11,304.69,0.9772,632.86,306.98,0.9743,668.51,330.8,0.9234,643.97,331.94,0.9179
Moguls_Frauen_Final_1_09,145,13,583.11,210.18,705.27,348.2,0.8318,635.76,232.04,0.9639,638.69,229.27,0.9095,633.31,229.53,0.919,642.26,229.39,0.7157,627.66,229.16,0.753,647.05,242.05,0.9907,620.07,241.95,0.9899,662.39,257.58,0.9626,611.26,253.89,0.9574,671.6,268.76,0.933,612.79,257.82,0.9288,645.33,273.92,0.9919,627.49,275.01,0.9911,648.78,298.76,0.9786,625.15,300.74,0.978,662.2,324.09,0.9342,635.34,325.2,0.935
Moguls_Frauen_Final_1_09,146,13,593.18,214.44,699.59,336.18,0.5075,635.4,236.83,0.9531,637.72,233.66,0.8824,632.25,233.71,0.9355,641.28,231.92,0.5274,626.66,231.6,0.7987,646.75,243.7,0.9901,618.94,243.56,0.996,657.06,260.44,0.9381,611.3,261.81,0.9816,669.18,263.44,0.9103,613.59,264.88,0.9612,643.04,279.35,0.9909,625.87,279.7,0.9946,646.38,294.63,0.9667,627.18,294.78,0.9785,648.44,311.47,0.9103,630.04,311.48,0.9334
Moguls_Frauen_Final_1_09,147,13,596.07,215.12,698.0,333.12,0.5132,632.46,234.04,0.9634,635.2,231.45,0.9034,629.39,231.3,0.928,639.43,231.24,0.6814,623.78,230.85,0.7666,645.09,242.48,0.9863,617.19,241.8,0.9878,660.6,251.04,0.9416,606.97,253.16,0.9533,674.89,245.42,0.9055,610.72,254.46,0.9208,641.15,274.46,0.9843,623.18,274.4,0.9854,641.93,295.26,0.9567,621.38,294.37,0.9604,642.04,316.26,0.8792,622.8,315.08,0.8849
Moguls_Frauen_Final_1_09,148,13,589.47,210.72,700.24,341.29,0.8098,626.44,229.68,0.969,630.06,226.6,0.9433,623.46,226.63,0.9101,637.51,225.24,0.8305,620.38,225.47,0.6718,644.72,236.04,0.9939,616.82,238.87,0.9875,663.07,242.04,0.977,604.59,252.86,0.9425,674.85,238.14,0.9585,604.34,257.86,0.9172,638.11,275.42,0.9931,621.01,276.36,0.9898,637.1,302.21,0.9753,621.6,303.42,0.9667,630.06,324.42,0.9034,618.73,324.58,0.8865
Moguls_Frauen_Final_1_09,149,13,582.87,204.1,702.57,348.61,0.8438,626.02,223.2,0.9646,629.16,219.85,0.9234,622.65,220.05,0.9005,635.41,217.28,0.7765,618.48,218.31,0.6558,643.89,227.16,0.9932,612.79,232.38,0.9863,662.74,233.18,0.9737,600.8,251.46,0.9406,674.79,233.49,0.9475,606.62,256.4,0.9067,635.63,272.13,0.9933,616.44,273.66,0.9907,631.28,302.5,0.9798,615.95,304.11,0.973,618.76,325.44,0.9282,611.68,325.8,0.9133
Moguls_Frauen_Final_1_09,150,13,583.12,196.45,696.93,335.99,0.6389,623.74,213.67,0.968,626.88,210.74,0.9173,620.51,210.81,0.9225,632.8,209.27,0.7406,616.41,209.52,0.7406,641.12,221.33,0.9913,611.36,222.73,0.9921,656.64,230.58,0.9638,600.18,236.72,0.9687,672.16,233.86,0.9361,599.62,240.01,0.943,634.96,262.5,0.9925,616.32,262.28,0.9927,630.44,290.24,0.9753,609.71,287.96,0.9772,624.29,311.82,0.9185,606.0,307.73,0.924
Moguls_Frauen_Final_1_09,151,13,578.68,190.1,691.85,331.21,0.6393,621.95,209.65,0.9706,625.13,206.86,0.9307,618.62,206.77,0.9203,631.06,205.77,0.7819,614.33,205.91,0.7159,638.24,218.35,0.9937,610.35,219.49,0.9919,653.08,229.64,0.9737,597.33,232.29,0.9648,668.18,233.62,0.9491,593.56,228.78,0.9387,632.58,256.82,0.9951,615.32,256.82,0.9943,629.96,286.31,0.9854,611.18,285.89,0.9842,620.54,306.22,0.951,603.94,304.94,0.9495
Moguls_Frauen_Final_1_09,152,13,573.55,187.07,682.4,325.58,0.5921,621.22,207.67,0.9645,624.18,204.75,0.9218,618.02,204.65,0.9086,629.93,203.73,0.7758,613.86,203.89,0.7047,636.92,217.01,0.9927,609.91,217.5,0.9899,649.74,230.41,0.971,597.25,231.49,0.9577,656.19,232.34,0.9455,592.34,230.22,0.9301,629.91,256.12,0.9938,612.98,255.6,0.9926,628.43,287.61,0.9788,610.47,286.41,0.9763,619.34,307.26,0.9209,602.76,304.93,0.9165
Moguls_Frauen_Final_1_09,153,13,562.13,186.84,676.53,336.25,0.7189,619.82,209.49,0.9704,623.13,206.51,0.9269,616.5,206.37,0.9263,629.15,205.84,0.7635,612.29,205.8,0.7339,636.45,220.55,0.9914,608.9,220.79,0.9919,646.37,235.82,0.9613,594.93,236.1,0.9648,645.04,237.67,0.9316,586.39,235.66,0.937,628.93,262.19,0.993,611.95,260.85,0.9932,617.82,294.05,0.9808,601.54,292.42,0.9818,606.49,322.85,0.9346,594.31,321.46,0.9378
Moguls_Frauen_Final_1_09,154,13,555.29,188.71,668.42,340.14,0.7891,620.38,210.93,0.97,623.14,207.94,0.91,616.77,207.8,0.9351,627.9,207.74,0.6878,611.22,207.73,0.7821,633.94,222.83,0.99,607.65,223.1,0.9933,642.9,236.9,0.9541,594.81,240.73,0.9735,639.12,230.98,0.9218,586.49,243.69,0.9485,626.29,265.44,0.9936,609.26,264.03,0.9947,617.11,298.06,0.9819,597.75,296.91,0.9856,604.29,326.13,0.9383,584.91,326.2,0.9466
Moguls_Frauen_Final_1_09,155,13,556.37,191.56,665.34,339.79,0.8509,618.92,214.31,0.9666,621.63,211.35,0.9296,615.73,210.87,0.9009,626.64,210.73,0.7964,610.74,210.24,0.6657,635.51,225.79,0.9947,606.67,225.58,0.9895,646.74,242.25,0.9804,594.51,243.54,0.9546,633.32,236.94,0.9626,588.69,248.31,0.9304,627.28,269.16,0.9957,608.87,267.29,0.994,617.66,301.67,0.9845,597.98,300.39,0.9791,603.98,328.23,0.9317,585.25,327.34,0.9182
Moguls_Frauen_Final_1_09,156,13,560.03,193.99,661.95,334.22,0.6777,620.48,216.81,0.9654,623.0,213.86,0.9076,617.4,213.57,0.9253,626.98,212.48,0.7042,610.92,211.93,0.7704,634.67,226.14,0.9904,604.59,225.88,0.9916,647.02,242.52,0.9585,591.43,243.17,0.9648,636.9,245.16,0.9294,579.84,257.98,0.9375,629.03,263.19,0.9906,610.65,262.05,0.9911,621.14,295.69,0.9672,604.82,293.81,0.9694,616.73,316.21,0.8816,605.12,314.23,0.8878
Moguls_Frauen_Final_1_09,157,13,572.35,194.3,666.08,327.07,0.7665,620.28,216.13,0.9153,622.65,213.07,0.8509,616.94,212.67,0.8324,626.55,211.57,0.5929,611.37,210.42,0.5376,634.96,223.38,0.9868,604.1,220.34,0.9883,646.38,239.28,0.9587,595.11,230.4,0.9557,637.58,243.21,0.9412,600.61,227.31,0.937,625.32,261.48,0.9916,605.8,260.26,0.9921,630.06,284.86,0.9748,614.05,283.86,0.9744,615.7,307.96,0.9184,605.86,306.59,0.9173
Moguls_Frauen_Final_1_09,158,13,579.26,191.46,667.83,320.24,0.4272,619.79,213.4,0.9591,622.94,209.96,0.9486,616.12,209.73,0.8945,628.11,207.43,0.8103,610.89,206.91,0.5115,636.57,218.46,0.9928,605.32,216.53,0.9903,649.53,233.73,0.9752,594.36,225.58,0.9394,642.74,246.39,0.9587,591.38,229.73,0.9174,629.83,257.09,0.9915,609.98,256.45,0.9899,635.15,280.16,0.969,615.58,279.56,0.9575,628.6,301.25,0.8958,612.47,300.14,0.8693
Moguls_Frauen_Final_1_09,159,13,582.53,186.24,667.98,313.31,0.4697,622.98,206.71,0.939,625.41,203.6,0.8939,619.85,203.31,0.8945,629.35,201.44,0.6173,614.45,200.42,0.6342,637.14,212.88,0.985,607.67,210.4,0.9907,649.75,228.39,0.9362,597.78,220.13,0.9586,643.95,232.95,0.9079,597.3,217.15,0.9315,633.34,253.76,0.9833,614.45,253.09,0.9872,636.23,277.75,0.9242,616.45,277.14,0.9346,634.82,297.83,0.7726,616.06,296.87,0.7914
Moguls_Frauen_Final_1_09,160,13,580.97,180.1,675.68,325.29,0.4294,624.62,198.28,0.9533,627.53,195.08,0.9365,621.4,194.95,0.894,632.61,193.68,0.7477,616.11,193.29,0.5152,642.17,206.72,0.9898,609.62,205.11,0.9897,655.18,225.25,0.9681,598.98,217.5,0.9515,647.45,230.56,0.9482,598.4,214.42,0.9266,639.47,253.97,0.9903,618.37,253.57,0.9902,643.35,289.56,0.9552,620.19,288.98,0.9473,648.35,318.42,0.82,625.95,317.25,0.7988
Moguls_Frauen_Final_1_09,161,13,590.11,175.46,671.05,299.64,0.466,626.67,193.58,0.9675,629.75,190.6,0.9536,623.73,190.35,0.9401,634.59,189.65,0.7789,618.69,188.86,0.6915,642.31,202.26,0.992,611.78,200.24,0.9934,655.97,220.07,0.9536,601.34,212.67,0.9525,653.97,223.79,0.9164,596.23,208.73,0.9125,636.49,239.79,0.9806,616.37,239.08,0.9827,644.94,252.74,0.8906,616.5,252.03,0.8904,649.84,275.55,0.7281,619.13,274.46,0.7248
Moguls_Frauen_Final_1_09,162,13,578.92,172.21,672.32,315.73,0.6673,629.3,192.27,0.9699,632.43,189.37,0.9205,626.03,189.21,0.9305,636.52,189.42,0.7391,619.79,189.2,0.7648,642.91,205.03,0.9922,611.84,203.18,0.9916,659.63,221.94,0.9662,595.86,215.33,0.9642,661.07,211.22,0.9424,584.48,209.19,0.942,640.32,249.13,0.9927,620.74,249.34,0.9926,645.46,281.87,0.9737,628.23,283.72,0.9739,654.71,303.28,0.8954,638.34,307.6,0.8951
Moguls_Frauen_Final_1_09,163,13,581.67,171.34,671.62,308.28,0.7471,631.07,193.7,0.9654,634.49,190.48,0.9051,628.19,190.64,0.9269,638.74,189.84,0.6948,621.95,189.51,0.7768,643.48,204.65,0.9912,614.05,203.56,0.9925,660.39,220.07,0.9629,597.75,214.27,0.9698,660.97,210.98,0.9389,588.7,211.51,0.9491,641.6,245.7,0.9942,623.05,246.95,0.9945,646.21,274.04,0.981,626.82,279.83,0.9832,657.38,289.62,0.9316,637.64,299.22,0.9374
Moguls_Frauen_Final_1_09,164,13,585.32,174.38,675.49,311.21,0.7653,633.69,197.89,0.9694,636.93,194.58,0.9072,630.7,194.91,0.9359,641.2,193.46,0.6903,624.79,193.5,0.8048,646.54,208.79,0.9917,616.26,207.64,0.9939,662.79,225.05,0.9614,602.09,218.7,0.9742,667.23,222.32,0.9329,596.14,217.37,0.952,642.94,249.65,0.9941,624.11,250.64,0.9947,649.02,279.76,0.9818,630.48,283.15,0.985,659.24,298.0,0.937,641.48,303.58,0.9457
Moguls_Frauen_Final_1_09,165,13,588.73,179.98,685.98,329.25,0.8329,638.54,205.13,0.9633,641.07,201.75,0.887,635.27,202.37,0.9276,644.0,200.26,0.6526,628.24,201.4,0.7976,648.1,214.3,0.9906,619.17,214.16,0.9923,661.7,230.98,0.958,605.98,226.49,0.9681,670.28,232.5,0.9266,603.23,226.65,0.9431,646.6,255.27,0.9943,628.32,256.92,0.9948,654.1,288.82,0.9858,636.86,291.55,0.9874,668.48,316.71,0.953,650.45,320.13,0.9566
Moguls_Frauen_Final_1_09,166,13,595.91,187.22,687.76,329.6,0.8176,637.85,212.8,0.9665,641.09,209.46,0.914,635.0,209.99,0.9258,644.97,208.2,0.7238,628.73,208.52,0.7759,647.76,221.35,0.9922,620.85,221.66,0.9914,662.09,237.22,0.966,610.37,234.36,0.9598,673.15,246.74,0.9353,608.59,238.71,0.9304,645.51,256.78,0.9938,628.67,258.58,0.9931,650.4,286.23,0.983,633.14,289.3,0.9824,666.61,311.53,0.943,649.02,314.06,0.9435
Moguls_Frauen_Final_1_09,167,13,602.73,195.41,687.1,326.72,0.7812,638.58,219.69,0.9694,641.38,216.57,0.9104,635.63,217.24,0.9366,644.77,215.53,0.6944,629.0,216.52,0.7953,648.7,227.92,0.9906,620.94,229.2,0.9917,661.73,244.94,0.9575,612.14,242.04,0.9639,671.9,259.3,0.9261,614.45,242.27,0.9369,646.5,260.23,0.9904,628.73,262.06,0.9909,648.84,283.39,0.9746,629.14,285.86,0.9761,662.08,306.03,0.9283,643.52,307.42,0.9313
Moguls_Frauen_Final_1_09,168,13,600.13,202.13,678.31,325.96,0.6471,635.63,226.47,0.955,638.12,223.18,0.8937,632.27,223.28,0.9326,642.03,220.99,0.5685,626.8,220.93,0.7789,647.52,231.81,0.9908,620.35,231.52,0.9965,656.73,248.16,0.9456,611.83,246.18,0.9839,660.14,250.48,0.9231,612.13,244.57,0.9675,644.72,268.45,0.9926,627.62,268.88,0.9958,648.84,290.64,0.9702,631.36,291.03,0.9808,648.16,308.2,0.9088,631.69,308.46,0.9322
Moguls_Frauen_Final_1_09,169,13,598.5,204.89,673.15,324.48,0.7071,631.21,226.18,0.9438,634.04,223.11,0.8925,628.32,223.14,0.9062,638.62,221.71,0.641,624.27,221.59,0.6981,645.11,232.85,0.9899,618.14,233.33,0.9945,653.92,247.16,0.9411,609.62,249.56,0.9705,659.5,244.17,0.9101,609.36,249.58,0.9433,641.89,268.47,0.9915,625.0,268.84,0.9941,645.52,289.69,0.9718,626.1,289.72,0.9778,645.14,308.26,0.9229,626.66,307.74,0.9342
Moguls_Frauen_Final_1_09,170,13,598.38,203.28,682.88,338.26,0.7666,626.15,223.44,0.9692,629.57,220.38,0.937,622.99,220.43,0.9031,636.47,218.72,0.8181,619.37,219.41,0.6367,644.17,228.9,0.9947,616.49,233.5,0.9876,662.96,235.65,0.9808,606.0,250.84,0.9456,677.47,235.04,0.9597,602.09,255.15,0.9145,640.5,270.22,0.9946,622.79,271.66,0.9918,639.97,300.71,0.9824,620.62,302.06,0.9745,634.6,324.25,0.9315,617.55,325.28,0.9136
Moguls_Frauen_Final_1_09,171,13,599.35,200.56,684.51,336.33,0.4926,628.94,219.04,0.9629,631.53,216.08,0.9079,625.59,216.02,0.9129,635.73,214.75,0.7048,619.38,215.03,0.7125,642.93,224.44,0.9903,612.84,229.08,0.986,660.08,230.59,0.9616,603.21,247.36,0.9425,674.04,231.78,0.9267,608.45,250.68,0.9054,639.35,265.27,0.9899,619.93,266.79,0.9879,637.73,294.43,0.9687,615.75,294.57,0.9635,629.97,316.03,0.9001,612.06,313.63,0.8891
Moguls_Frauen_Final_1_09,172,13,591.98,196.77,685.68,348.0,0.6921,618.94,215.94,0.9634,622.64,212.62,0.9311,615.87,212.78,0.8806,630.54,211.05,0.8078,613.21,211.77,0.5544,641.27,223.02,0.9931,610.78,227.05,0.9821,657.92,230.85,0.9759,600.91,243.64,0.9269,669.53,232.32,0.9498,600.7,243.8,0.8925,637.75,268.3,0.9926,618.3,268.92,0.9886,631.87,299.39,0.9776,610.61,298.51,0.9673,625.39,319.51,0.9275,608.11,316.86,0.9089
Moguls_Frauen_Final_1_09,173,13,590.06,194.71,677.73,335.82,0.6724,622.32,215.22,0.9641,624.62,211.53,0.9254,618.17,212.19,0.9445,629.1,210.06,0.6201,612.42,211.71,0.7612,637.22,221.79,0.9922,608.02,225.45,0.9961,651.99,230.99,0.9616,600.0,240.4,0.9821,662.08,233.42,0.9465,597.49,244.7,0.9676,634.64,261.0,0.9958,616.62,262.67,0.9971,634.77,286.52,0.9879,616.43,288.05,0.9907,625.49,307.42,0.9632,607.6,309.45,0.97
Moguls_Frauen_Final_1_09,174,13,576.81,194.47,666.05,341.45,0.7415,619.38,214.81,0.9666,621.89,211.68,0.8897,615.62,212.05,0.9444,626.74,210.74,0.6221,610.56,211.98,0.8287,634.7,224.2,0.9831,607.6,227.94,0.994,646.64,236.45,0.9127,597.05,246.39,0.9784,648.25,235.81,0.867,592.27,246.92,0.9531,631.29,268.66,0.9907,613.67,269.43,0.9945,628.99,301.56,0.9746,608.47,303.17,0.9858,614.44,322.54,0.9277,595.8,325.78,0.9501
Moguls_Frauen_Final_1_09,175,13,569.32,197.64,657.99,346.65,0.7175,615.47,218.84,0.9608,618.38,215.46,0.8988,612.22,215.68,0.91,623.93,215.07,0.7029,608.63,215.91,0.7338,633.71,229.19,0.9866,605.62,232.4,0.9916,642.52,244.88,0.9433,594.08,252.46,0.9681,632.68,242.31,0.9141,588.69,251.3,0.9447,630.26,273.19,0.9914,611.2,273.18,0.993,625.27,306.49,0.9783,602.22,307.45,0.9836,611.39,330.48,0.9301,589.7,332.93,0.9437
Moguls_Frauen_Final_1_09,176,13,565.71,203.35,651.98,351.4,0.7328,614.4,225.19,0.9703,617.33,222.2,0.9221,610.92,222.35,0.935,622.71,221.82,0.7315,606.63,222.69,0.7651,629.74,235.81,0.9889,603.23,238.87,0.9914,635.58,245.75,0.9477,592.07,256.8,0.9627,630.04,240.72,0.9082,585.33,258.51,0.9309,624.27,278.6,0.9901,607.09,278.39,0.9914,619.9,313.77,0.9721,600.53,311.83,0.9762,612.03,337.97,0.9153,593.32,335.7,0.9238
Moguls_Frauen_Final_1_09,177,13,571.38,210.02,651.68,350.23,0.6796,615.09,232.29,0.9673,617.9,229.47,0.9231,611.78,229.35,0.9221,622.94,229.32,0.7506,607.2,229.51,0.728,630.54,243.96,0.99,603.25,245.32,0.9883,639.54,257.74,0.9556,594.21,262.64,0.9471,632.48,255.08,0.9202,589.55,263.18,0.9129,624.59,283.73,0.9875,607.43,283.11,0.9865,621.89,316.37,0.9608,605.29,314.4,0.9592,614.04,335.99,0.879,600.69,333.38,0.8772
Moguls_Frauen_Final_1_09,178,13,575.39,216.39,651.22,348.75,0.4748,616.49,239.07,0.9547,618.9,236.47,0.8969,613.69,236.23,0.8826,623.33,235.83,0.7243,609.1,235.69,0.6584,631.83,248.98,0.9901,603.43,249.64,0.9857,643.15,265.3,0.9649,592.4,267.96,0.9428,634.93,270.67,0.9377,583.47,279.71,0.913,625.46,285.36,0.9876,608.11,284.57,0.9849,622.64,312.87,0.9584,606.98,310.66,0.951,617.48,332.84,0.8681,605.89,329.86,0.8562
Moguls_Frauen_Final_1_09,179,13,584.88,221.6,654.2,344.04,0.5337,619.34,244.02,0.9369,622.03,240.77,0.8996,616.22,240.95,0.8823,626.61,239.33,0.6497,610.95,239.6,0.6026,633.88,250.37,0.984,604.31,250.31,0.9851,644.21,266.0,0.9268,597.27,263.12,0.9099,640.81,273.69,0.8928,598.74,262.06,0.8689,628.1,284.08,0.9813,609.55,284.2,0.9812,629.95,300.66,0.9488,611.13,300.68,0.9438,627.38,320.26,0.88,615.25,320.29,0.874
Moguls_Frauen_Final_1_09,180,13,594.26,222.36,650.56,319.84,0.3489,618.44,240.88,0.9398,621.42,238.02,0.9238,615.89,237.79,0.8644,626.47,237.49,0.7882,611.97,236.8,0.5247,634.95,250.11,0.9899,606.02,247.6,0.9883,644.72,269.73,0.9569,598.04,259.8,0.9273,635.38,275.98,0.9224,598.23,257.54,0.8852,629.7,282.85,0.9784,610.5,281.76,0.977,633.92,295.14,0.9076,607.51,293.94,0.8899,636.88,311.12,0.7652,611.05,309.23,0.7338
Moguls_Frauen_Final_1_09,182,13,575.48,212.46,659.0,357.81,0.5576,628.43,231.57,0.9573,630.74,228.62,0.8818,625.74,228.12,0.9222,634.11,227.06,0.6365,620.14,225.92,0.7826,642.45,239.97,0.9827,611.87,236.01,0.9902,651.41,254.03,0.9317,595.17,242.24,0.968,645.92,260.33,0.8979,582.74,241.89,0.9453,638.68,280.55,0.9857,619.05,278.06,0.9893,641.41,316.52,0.9457,616.85,309.77,0.9602,642.77,347.1,0.8119,617.06,337.68,0.8463
Moguls_Frauen_Final_1_09,183,13,579.93,207.4,660.52,343.96,0.6731,629.42,227.91,0.96,632.38,225.21,0.9287,626.75,224.65,0.9287,636.83,223.32,0.6709,621.95,221.66,0.6652,642.43,233.0,0.9931,614.39,229.29,0.9968,652.72,245.78,0.9774,600.23,235.97,0.9891,660.03,251.08,0.9675,589.7,235.93,0.98,634.28,269.09,0.9968,616.46,267.46,0.9979,639.6,293.5,0.9886,615.56,291.63,0.9909,646.13,317.76,0.9598,616.64,315.26,0.9653
Moguls_Frauen_Final_1_09,184,13,582.61,203.22,668.49,346.93,0.8306,632.38,223.09,0.9585,635.39,220.23,0.8987,630.16,219.87,0.8981,639.38,219.77,0.7336,625.87,218.49,0.7268,644.39,235.36,0.9934,616.42,228.94,0.9913,656.99,253.36,0.9743,599.69,237.47,0.9646,666.38,252.18,0.9516,591.14,239.52,0.9409,633.49,271.01,0.9957,616.08,268.47,0.9949,638.97,298.39,0.9878,618.72,293.35,0.9866,652.01,326.7,0.9553,626.94,320.32,0.9543
Moguls_Frauen_Final_1_09,185,13,587.31,202.46,675.48,349.63,0.872,639.04,225.28,0.9679,642.06,222.34,0.8925,636.69,222.12,0.9389,644.73,221.24,0.6406,630.22,219.87,0.8317,646.49,235.66,0.9909,617.93,230.7,0.9942,658.03,252.97,0.9576,603.97,239.79,0.9757,668.14,259.02,0.9269,600.82,241.91,0.9528,634.38,272.28,0.9938,616.23,270.75,0.9947,641.02,300.68,0.9839,620.58,295.6,0.9871,656.25,329.36,0.9503,634.64,321.45,0.9583
Moguls_Frauen_Final_1_09,186,13,595.65,203.33,682.22,348.47,0.8629,641.09,227.28,0.9587,643.97,224.3,0.8904,638.55,223.85,0.912,646.01,223.42,0.6905,631.68,222.27,0.7579,647.48,237.73,0.991,620.25,233.62,0.9887,658.4,256.18,0.9641,609.59,245.9,0.9538,669.94,263.4,0.9336,611.36,246.67,0.9243,637.75,274.07,0.992,620.05,273.06,0.991,646.33,302.22,0.9771,625.15,299.51,0.9748,659.72,329.3,0.9224,635.58,325.31,0.9172
Moguls_Frauen_Final_1_09,187,13,602.5,206.39,682.97,339.2,0.7909,640.0,231.05,0.9663,643.42,228.22,0.9225,637.21,227.72,0.9502,647.91,227.17,0.617,631.43,225.47,0.7995,649.14,237.52,0.9935,621.64,235.04,0.997,657.99,254.32,0.9651,611.66,250.68,0.9849,673.45,267.35,0.9492,611.34,261.64,0.9696,637.07,268.51,0.9957,620.15,267.52,0.9971,638.52,288.74,0.9875,621.23,287.73,0.9905,643.38,312.01,0.9661,627.42,311.07,0.9719
Moguls_Frauen_Final_1_09,188,13,608.2,210.15,684.08,333.21,0.7136,641.68,234.55,0.9662,645.0,231.74,0.9099,638.94,230.9,0.9535,648.76,230.73,0.5556,632.91,228.16,0.826,649.74,241.89,0.9917,622.29,240.24,0.9965,658.81,258.57,0.9487,612.72,262.38,0.9824,674.57,267.93,0.9259,611.19,283.09,0.9626,639.6,275.43,0.9912,622.83,274.95,0.9944,641.18,296.07,0.9646,626.08,295.46,0.9751,643.33,315.84,0.8986,630.13,315.08,0.9197
Moguls_Frauen_Final_1_09,189,13,609.94,211.61,684.7,330.98,0.7153,641.68,234.55,0.9664,645.0,231.74,0.9099,638.94,230.9,0.9538,648.75,230.72,0.5547,632.92,228.16,0.8273,649.73,241.87,0.9917,622.29,240.25,0.9965,658.81,258.53,0.9487,612.73,262.49,0.9826,674.58,267.95,0.9261,611.16,283.49,0.9631,639.61,275.42,0.9912,622.84,274.96,0.9944,641.23,296.1,0.9646,626.15,295.5,0.9752,643.36,315.89,0.8985,630.2,315.15,0.9199
Moguls_Frauen_Final_1_09,190,13,609.36,213.59,688.4,338.77,0.7646,640.76,236.19,0.9622,643.51,233.3,0.9118,637.15,232.44,0.9205,646.56,232.74,0.7089,630.0,231.43,0.7428,650.47,247.36,0.9877,622.16,243.08,0.9831,661.42,263.26,0.9499,611.09,257.65,0.9317,679.32,258.58,0.9175,615.13,257.8,0.8982,640.71,288.0,0.9805,622.61,285.76,0.9773,643.17,317.74,0.924,623.62,311.48,0.9137,639.97,340.93,0.7475,618.96,331.15,0.7266
Moguls_Frauen_Final_1_09,191,13,597.88,213.77,677.29,343.16,0.5269,633.83,234.07,0.944,637.17,231.03,0.8937,631.15,230.85,0.9171,643.1,229.89,0.565,627.25,229.51,0.6901,648.91,241.35,0.9735,620.63,242.13,0.9877,657.38,253.83,0.8628,610.12,259.57,0.9419,656.63,261.37,0.83,607.53,277.53,0.9,640.97,282.05,0.9745,623.39,281.89,0.9824,639.57,308.87,0.9253,621.28,308.2,0.9425,635.8,332.8,0.8204,621.75,331.93,0.8518
Moguls_Frauen_Final_1_09,192,13,596.98,212.88,685.75,360.07,0.2463,636.2,232.63,0.95,639.31,229.96,0.87,633.31,229.83,0.9162,643.23,229.76,0.6037,627.11,229.04,0.7689,646.75,240.91,0.9775,619.14,242.21,0.9851,661.29,250.77,0.9047,609.07,258.75,0.9437,673.31,254.93,0.8594,615.36,270.52,0.9042,638.91,276.67,0.9814,621.65,277.6,0.984,636.96,308.88,0.9555,621.3,310.93,0.9642,632.32,338.51,0.8777,621.01,341.11,0.894
Moguls_Frauen_Final_1_09,193,13,598.06,213.62,683.54,355.88,0.5161,634.11,233.86,0.966,636.79,231.44,0.9025,631.41,231.0,0.9364,640.36,230.95,0.6657,625.57,229.85,0.8084,645.32,241.95,0.9878,617.89,243.28,0.9915,661.14,251.57,0.9438,606.41,261.91,0.9655,669.12,256.41,0.9092,607.27,282.23,0.9359,636.18,276.28,0.9893,619.24,276.48,0.9907,634.67,307.92,0.9683,618.24,308.2,0.9742,625.44,333.35,0.8985,612.15,333.91,0.9118
Moguls_Frauen_Final_1_09,194,13,591.94,215.37,676.9,358.76,0.6764,629.93,235.37,0.9616,632.76,232.62,0.9082,627.3,232.44,0.915,637.75,232.01,0.7317,623.99,231.89,0.7404,644.34,244.48,0.9894,618.1,246.37,0.9901,655.03,256.36,0.9555,604.97,262.79,0.9605,659.42,255.6,0.9246,607.78,259.63,0.9328,636.43,284.72,0.9918,619.85,285.0,0.9918,636.94,317.49,0.9749,619.59,317.89,0.9769,623.71,342.48,0.9117,608.37,342.56,0.9176
Moguls_Frauen_Final_1_09,196,13,588.83,223.77,668.6,361.79,0.6074,628.96,244.51,0.9641,632.08,241.7,0.9329,625.96,241.5,0.9362,637.05,241.54,0.7145,621.66,241.28,0.73,642.84,253.83,0.9917,616.47,255.01,0.9956,651.1,266.1,0.9554,608.12,272.59,0.9766,646.54,265.52,0.9349,606.14,283.7,0.9558,635.66,295.69,0.9933,618.98,295.7,0.9952,632.0,326.44,0.9765,616.24,326.08,0.9804,625.06,352.71,0.9172,611.4,352.18,0.9274
Moguls_Frauen_Final_1_09,197,13,588.87,230.95,663.05,361.52,0.7244,632.0,252.83,0.968,634.62,250.31,0.9255,629.09,250.12,0.9532,638.44,249.98,0.6494,624.18,249.72,0.8216,642.93,260.5,0.9925,618.56,262.27,0.9976,650.41,271.2,0.9481,609.48,280.62,0.9873,642.96,265.57,0.9282,600.2,293.27,0.9719,635.75,298.98,0.9933,620.51,299.18,0.9963,631.34,329.03,0.968,617.89,328.97,0.9793,626.89,354.87,0.89,615.86,355.04,0.9188
Moguls_Frauen_Final_1_09,198,13,594.15,238.79,660.61,357.61,0.3231,632.77,259.89,0.9575,635.39,257.15,0.9185,629.7,257.0,0.9236,639.35,256.42,0.6962,624.88,256.22,0.7147,644.88,267.57,0.9879,619.16,268.46,0.992,651.55,280.84,0.9283,609.85,285.21,0.952,645.74,283.12,0.8917,604.53,296.71,0.915,637.66,302.17,0.978,621.7,302.39,0.9824,639.04,324.79,0.9108,625.51,324.88,0.9202,630.95,345.2,0.7551,621.33,345.14,0.7703
Moguls_Frauen_Final_1_09,199,13,601.11,244.73,664.02,359.32,0.6831,633.8,263.7,0.9495,636.58,261.04,0.9098,631.23,260.76,0.8968,641.46,260.53,0.6962,627.32,259.96,0.6327,647.2,271.18,0.9901,621.6,271.04,0.9912,655.17,282.88,0.9544,612.64,284.75,0.9515,651.91,278.94,0.931,615.94,286.58,0.9249,640.03,304.75,0.9885,623.99,304.76,0.9892,647.67,319.77,0.9681,633.75,319.58,0.9671,641.3,342.93,0.9184,632.5,342.13,0.9158
Moguls_Frauen_Final_1_09,200,13,606.58,247.41,665.78,355.44,0.3949,635.18,263.9,0.9065,638.05,261.34,0.878,633.18,260.93,0.8116,643.35,260.97,0.7113,630.3,259.84,0.4797,651.39,272.33,0.9841,624.47,269.78,0.9848,661.0,287.79,0.9427,614.93,280.87,0.9303,656.17,288.57,0.9078,616.31,279.75,0.8912,645.97,305.21,0.9739,628.54,303.93,0.9751,650.82,317.88,0.8913,628.93,316.36,0.885,649.98,336.37,0.7348,630.19,333.95,0.7231
Moguls_Frauen_Final_1_09,204,13,612.25,234.02,675.05,345.37,0.5802,652.04,251.49,0.9593,654.52,248.77,0.9,649.22,248.1,0.9445,657.06,247.76,0.5382,642.51,245.6,0.806,661.29,259.32,0.9905,632.79,255.17,0.9967,673.61,275.62,0.9535,620.89,263.78,0.9873,669.7,280.86,0.9357,616.13,260.71,0.9743,654.67,296.32,0.9913,636.27,295.17,0.995,661.62,318.82,0.9531,641.55,317.89,0.9696,666.18,336.72,0.8436,646.56,335.82,0.8814
Moguls_Frauen_Final_1_09,205,13,612.45,232.04,679.79,349.53,0.7408,653.4,250.69,0.9338,655.57,248.1,0.8473,650.99,247.75,0.9117,658.3,247.07,0.4664,645.19,245.79,0.7484,661.64,257.65,0.987,636.12,254.85,0.9955,671.99,273.7,0.9443,623.01,264.94,0.9848,673.15,278.56,0.9229,619.06,262.68,0.969,656.04,294.52,0.9901,639.47,293.93,0.9943,663.78,317.83,0.9428,643.59,317.41,0.9632,669.99,339.39,0.8231,647.95,339.14,0.8669
Moguls_Frauen_Final_1_09,206,13,613.33,232.4,688.95,363.81,0.7082,656.43,252.76,0.9713,659.08,249.8,0.9004,653.48,250.1,0.9487,662.32,248.7,0.6376,647.01,248.72,0.8461,666.44,263.54,0.9896,637.14,259.51,0.9943,678.77,280.2,0.9473,624.23,264.71,0.9763,678.74,282.01,0.914,620.94,263.05,0.9545,659.69,301.42,0.9921,641.37,301.04,0.994,669.16,331.01,0.9783,652.38,330.7,0.9844,681.49,353.4,0.9344,665.21,353.56,0.9479
Moguls_Frauen_Final_1_09,207,13,617.08,234.62,696.91,373.15,0.7858,659.1,256.75,0.9629,662.02,253.71,0.8921,656.44,253.66,0.9332,664.73,252.8,0.6507,649.55,252.01,0.8136,666.5,266.83,0.9885,639.43,263.3,0.9912,677.39,281.24,0.9486,627.24,270.28,0.9646,684.68,289.14,0.9141,627.41,273.4,0.9387,661.17,302.28,0.9914,644.17,302.27,0.9923,669.99,329.43,0.9769,651.57,329.41,0.9803,683.87,357.58,0.9283,664.69,357.37,0.936
Moguls_Frauen_Final_1_09,208,13,625.88,238.55,699.64,366.7,0.7854,660.71,262.04,0.9663,663.69,259.17,0.9155,657.91,258.85,0.9473,667.41,258.21,0.5983,651.92,256.84,0.8054,668.07,269.04,0.9935,643.16,266.95,0.9968,676.3,285.82,0.9663,635.93,280.54,0.9836,688.45,297.22,0.9521,642.37,283.31,0.9696,662.01,302.37,0.9951,646.2,302.35,0.9966,666.73,326.56,0.9833,652.59,326.69,0.9872,673.78,346.94,0.9491,660.6,347.14,0.9574
Moguls_Frauen_Final_1_09,209,13,632.32,243.94,699.2,359.21,0.6399,659.44,266.39,0.9637,662.61,263.69,0.9205,656.7,263.21,0.944,666.91,263.12,0.6466,651.89,261.4,0.792,669.86,274.47,0.9926,644.63,271.18,0.9965,677.99,291.76,0.9558,638.41,284.33,0.9818,688.63,295.66,0.9345,643.58,281.14,0.9639,662.57,304.44,0.9925,646.4,303.29,0.9951,666.13,325.09,0.9724,647.69,323.82,0.9802,670.17,341.92,0.922,650.39,340.1,0.9378
Moguls_Frauen_Final_1_09,210,13,635.42,247.22,699.36,355.03,0.6451,658.59,269.92,0.9694,661.29,267.38,0.9297,655.96,267.05,0.9542,665.18,265.96,0.6499,651.4,264.76,0.8207,668.67,275.14,0.9938,644.13,273.41,0.9973,679.69,286.82,0.9635,636.25,284.25,0.9866,691.96,287.24,0.9468,639.64,281.55,0.9728,661.53,305.32,0.9934,646.13,304.82,0.9959,665.77,321.65,0.9735,648.54,321.04,0.9817,665.92,338.87,0.922,647.95,338.06,0.94
Moguls_Frauen_Final_1_09,211,13,636.84,248.99,702.33,356.66,0.5135,657.59,269.4,0.9561,660.1,266.7,0.9015,654.84,266.84,0.9002,664.36,264.91,0.7099,650.04,265.12,0.696,670.22,273.6,0.988,643.68,274.52,0.9837,684.34,278.73,0.9596,633.58,283.46,0.9411,696.04,275.59,0.932,638.32,284.29,0.9118,664.41,307.86,0.985,647.22,308.2,0.9819,664.29,330.9,0.9476,643.9,330.33,0.9401,664.47,349.75,0.8349,642.96,346.82,0.8229
Moguls_Frauen_Final_1_09,215,13,614.69,238.44,697.37,373.4,0.8445,650.66,255.84,0.9709,653.28,253.16,0.9274,647.41,253.04,0.9272,658.41,252.18,0.7653,643.07,252.45,0.7463,665.7,264.12,0.9935,639.2,265.93,0.9925,680.43,275.16,0.9715,625.67,280.63,0.9683,688.24,277.62,0.9453,624.97,279.03,0.9425,658.11,302.98,0.9955,641.52,302.87,0.9951,654.28,335.49,0.986,636.66,336.28,0.9858,637.58,358.0,0.9484,621.43,358.6,0.9483
Moguls_Frauen_Final_1_09,216,13,615.64,237.56,692.8,363.62,0.7365,649.42,254.69,0.9656,652.21,251.89,0.943,646.64,252.06,0.9403,656.96,251.7,0.7386,642.69,252.11,0.7324,663.91,263.76,0.9941,636.41,264.96,0.9967,677.37,276.97,0.9709,628.34,279.92,0.9815,683.32,278.59,0.9539,624.76,280.75,0.9637,656.49,301.1,0.9942,639.45,301.31,0.9957,652.57,328.27,0.9707,635.98,328.47,0.975,648.71,351.0,0.8979,633.87,351.52,0.9093
Moguls_Frauen_Final_1_09,217,13,602.54,239.01,686.13,378.42,0.8199,649.84,259.61,0.9619,652.34,256.96,0.8924,646.82,256.69,0.9228,656.95,255.95,0.6736,643.05,255.8,0.7667,663.69,269.67,0.9871,637.61,268.72,0.992,669.72,282.29,0.9407,623.39,283.09,0.9694,665.53,280.58,0.9009,619.34,285.84,0.9406,652.44,310.29,0.9919,636.37,308.25,0.9937,646.9,345.88,0.979,632.61,342.22,0.9842,631.41,369.11,0.9387,619.95,365.65,0.9494
Moguls_Frauen_Final_1_09,218,13,597.63,241.69,680.22,381.82,0.8439,650.15,261.41,0.9666,652.89,258.96,0.9067,647.36,258.44,0.9256,657.01,259.41,0.7009,643.05,258.59,0.7595,661.13,273.39,0.9894,637.85,273.33,0.9915,666.54,282.9,0.9552,625.59,287.73,0.9669,662.21,278.86,0.9217,619.5,290.37,0.9392,651.1,313.35,0.9915,635.84,311.83,0.9924,647.07,344.7,0.9745,628.69,342.21,0.9778,636.19,367.94,0.9196,616.77,365.92,0.9263
Moguls_Frauen_Final_1_09,219,13,601.71,244.46,679.55,378.31,0.7985,649.95,265.07,0.9665,652.71,262.65,0.9167,647.21,262.0,0.9252,657.44,262.11,0.7375,642.69,260.98,0.7579,663.23,274.4,0.9905,637.13,274.01,0.9908,670.68,286.75,0.9594,625.44,290.3,0.9618,664.17,286.72,0.9275,617.95,300.11,0.9312,653.93,309.87,0.9909,637.03,308.22,0.9909,651.83,339.83,0.9699,631.62,336.18,0.9711,642.27,361.65,0.8985,622.92,357.62,0.902
Moguls_Frauen_Final_1_09,220,13,603.54,245.49,676.95,372.91,0.6889,651.17,265.81,0.9555,654.0,262.97,0.9101,648.32,262.72,0.9327,658.28,261.65,0.6309,643.37,261.11,0.76,662.66,271.86,0.9899,636.77,272.27,0.9962,669.52,286.31,0.9371,626.35,290.22,0.9789,662.51,289.09,0.912,616.45,304.54,0.9568,655.02,306.87,0.991,639.16,306.82,0.9945,652.95,332.58,0.9651,640.51,332.4,0.9752,649.0,355.87,0.9032,642.0,355.79,0.9234
Moguls_Frauen_Final_1_09,221,13,616.91,244.73,683.43,361.0,0.4341,653.62,264.54,0.949,656.45,261.64,0.9109,650.64,261.28,0.9095,660.53,260.44,0.6912,645.13,259.27,0.6912,666.47,271.19,0.9892,637.85,269.42,0.9921,676.42,286.2,0.937,629.64,281.65,0.9489,669.14,288.77,0.9013,631.67,282.08,0.9124,660.43,305.13,0.9836,642.08,304.48,0.9864,659.21,322.35,0.9365,639.93,321.75,0.9397,657.16,341.9,0.8344,642.32,341.16,0.8379
Moguls_Frauen_Final_1_09,225,13,624.22,221.25,701.05,359.43,0.5946,663.79,237.42,0.9379,666.39,234.72,0.8718,660.98,234.14,0.8824,669.87,234.39,0.58,655.25,232.6,0.6227,674.33,246.12,0.9892,647.2,243.89,0.9915,685.02,260.14,0.9585,637.87,256.42,0.962,687.66,259.5,0.94,642.9,253.97,0.941,669.35,284.76,0.9934,652.05,284.43,0.9942,675.79,314.43,0.9808,661.11,314.19,0.9812,676.9,339.87,0.9369,662.81,339.13,0.9369
Moguls_Frauen_Final_1_09,226,13,618.7,216.03,698.86,358.62,0.5781,666.4,230.43,0.9567,669.42,228.1,0.8828,664.32,227.55,0.9131,672.61,228.77,0.6729,659.24,227.0,0.7732,677.22,243.25,0.9893,649.96,239.86,0.992,689.47,259.3,0.9555,632.63,249.23,0.9698,687.63,259.0,0.9269,622.46,249.12,0.948,672.94,282.3,0.9935,656.11,281.85,0.9943,678.25,313.87,0.9792,661.15,315.49,0.983,683.45,338.15,0.9243,667.61,342.51,0.9345
Moguls_Frauen_Final_1_09,227,13,621.42,213.0,701.46,353.62,0.6496,667.47,230.6,0.9594,670.7,227.97,0.9016,665.38,227.78,0.9105,675.21,227.66,0.7273,661.49,226.67,0.7508,680.39,240.67,0.9906,653.29,238.62,0.9912,692.72,255.75,0.9613,637.95,248.73,0.9642,695.23,258.52,0.9322,630.84,248.58,0.939,676.01,277.81,0.9928,659.33,277.79,0.9928,681.32,308.3,0.9762,664.65,308.89,0.978,688.6,332.27,0.9127,673.57,333.62,0.9194
Moguls_Frauen_Final_1_09,228,13,626.19,211.38,707.57,353.6,0.7915,673.0,227.81,0.9711,676.13,225.23,0.908,670.49,225.06,0.9373,679.09,226.59,0.6892,665.0,225.67,0.8118,682.28,242.41,0.9913,655.73,240.74,0.9946,695.16,257.17,0.9601,641.98,250.28,0.9762,700.55,260.5,0.9315,635.3,247.89,0.9543,677.8,280.88,0.9935,661.21,281.26,0.9945,684.04,311.98,0.9825,667.91,312.54,0.986,693.21,336.77,0.9436,678.66,338.04,0.9526
Moguls_Frauen_Final_1_09,229,13,633.48,212.05,710.88,346.88,0.7136,673.65,231.6,0.9684,676.8,228.81,0.9175,671.3,228.78,0.9313,680.35,228.9,0.7225,666.22,228.05,0.7825,683.74,243.3,0.9904,657.29,241.03,0.9906,696.51,257.17,0.9584,644.32,249.41,0.9585,702.14,261.63,0.9269,645.76,253.57,0.9296,679.12,280.28,0.9894,662.28,280.79,0.9889,686.23,308.94,0.9653,668.53,310.72,0.9662,697.01,331.2,0.8826,677.65,333.19,0.8877
Moguls_Frauen_Final_1_09,230,13,644.28,213.71,714.63,335.55,0.7845,676.24,234.54,0.9553,678.82,231.95,0.8947,673.96,231.75,0.9311,682.33,231.41,0.5772,668.8,230.32,0.7759,684.36,242.59,0.9929,659.61,240.61,0.9965,694.98,258.06,0.9672,652.45,252.37,0.9845,706.87,266.46,0.9533,660.17,250.61,0.971,677.71,276.29,0.9952,662.07,276.14,0.9967,679.61,299.55,0.9825,664.91,299.59,0.9868,687.4,319.87,0.946,673.62,320.16,0.9554
Moguls_Frauen_Final_1_09,231,13,651.22,215.42,714.75,323.24,0.7243,677.25,238.31,0.9662,679.61,235.42,0.9125,674.32,235.53,0.9545,683.03,233.95,0.5668,668.4,233.62,0.8432,685.76,243.96,0.9925,660.15,242.39,0.9971,696.9,259.63,0.9549,652.84,253.09,0.9862,708.97,270.69,0.9359,659.47,250.36,0.9718,679.27,274.51,0.9923,663.08,274.39,0.9955,678.74,292.18,0.9682,661.51,292.31,0.9793,683.55,309.05,0.9082,667.2,309.77,0.9316
Moguls_Frauen_Final_1_09,232,13,646.14,216.5,706.74,321.13,0.504,674.46,238.68,0.9574,676.89,235.92,0.8829,671.71,235.88,0.948,680.55,233.98,0.5122,667.02,233.53,0.8513,684.38,242.99,0.9899,660.13,242.29,0.9973,693.98,255.51,0.9302,653.59,254.75,0.9888,700.81,255.98,0.9078,657.09,253.92,0.9747,678.0,274.12,0.9915,662.66,273.95,0.996,678.35,291.43,0.9677,660.35,291.07,0.9831,680.23,306.33,0.9119,661.83,306.06,0.9441
Moguls_Frauen_Final_1_09,233,13,640.48,216.06,703.23,326.61,0.6283,674.41,236.11,0.9504,676.74,233.49,0.86,671.8,233.16,0.9398,679.73,232.13,0.4713,666.7,230.99,0.8375,683.14,242.04,0.9881,658.46,241.89,0.9966,691.88,251.46,0.9259,649.56,256.18,0.987,697.54,247.27,0.904,649.11,261.47,0.9714,676.45,278.62,0.9906,660.95,278.67,0.9953,678.2,300.43,0.9591,662.18,300.27,0.9775,676.16,316.6,0.8754,660.13,316.42,0.9174
Moguls_Frauen_Final_1_09,234,13,640.85,214.09,715.11,344.37,0.656,669.61,233.6,0.9592,672.36,230.78,0.8791,666.72,230.92,0.9149,676.43,229.81,0.6354,661.93,230.12,0.7592,681.82,241.01,0.9865,655.55,244.65,0.9913,699.33,245.72,0.9472,644.53,264.74,0.9683,710.22,242.53,0.9181,642.87,285.22,0.9443,675.4,282.17,0.9901,659.16,283.58,0.9916,674.51,311.26,0.9735,660.43,314.18,0.9791,670.69,335.36,0.9206,658.69,340.82,0.9321
Moguls_Frauen_Final_1_09,235,13,630.49,211.57,710.8,358.06,0.7214,670.58,230.19,0.9515,673.11,227.03,0.8418,667.36,227.34,0.9291,675.59,226.24,0.5256,660.42,226.67,0.828,678.99,238.91,0.9765,652.13,242.52,0.9904,689.63,246.44,0.8891,643.07,262.29,0.9639,697.35,243.0,0.8425,647.47,277.87,0.9299,671.93,284.32,0.9857,655.29,285.85,0.9903,668.24,317.05,0.967,655.75,317.96,0.9789,664.36,346.96,0.9114,657.05,347.68,0.9338
Moguls_Frauen_Final_1_09,236,13,637.66,208.83,707.44,332.36,0.5401,669.88,229.58,0.956,671.93,226.35,0.8836,666.43,226.55,0.9481,674.89,224.2,0.4745,660.01,224.44,0.8396,678.57,232.74,0.9895,650.99,236.4,0.9958,692.66,239.45,0.9418,642.51,254.7,0.9817,703.97,242.5,0.9242,644.95,269.45,0.9634,672.3,270.56,0.9928,655.19,272.38,0.9955,671.14,294.8,0.9736,655.06,296.74,0.9819,660.74,313.24,0.9172,646.66,316.29,0.938
Moguls_Frauen_Final_1_09,237,13,631.24,207.57,706.68,342.06,0.8256,666.51,228.85,0.9601,668.67,226.13,0.8798,663.1,225.9,0.9309,671.96,224.5,0.5886,656.75,224.39,0.7935,677.76,236.22,0.9818,650.35,237.06,0.9903,690.92,244.55,0.9154,638.99,253.61,0.9626,696.34,245.32,0.8737,638.89,267.43,0.9329,669.09,274.05,0.9882,652.35,273.57,0.9911,667.79,306.32,0.9738,653.02,305.66,0.9816,653.19,326.53,0.9367,641.62,327.15,0.9496
Moguls_Frauen_Final_1_09,238,13,622.0,207.76,699.76,349.0,0.722,660.98,228.6,0.961,663.73,226.09,0.9061,658.1,225.73,0.9183,668.52,224.73,0.7083,654.14,224.53,0.7377,674.83,236.53,0.9859,649.07,237.75,0.9889,681.89,246.8,0.9364,637.17,251.58,0.9534,676.12,252.28,0.897,634.03,256.81,0.9202,665.21,275.35,0.9891,649.66,274.6,0.9901,662.74,310.57,0.9737,650.56,309.21,0.9776,646.88,332.66,0.9291,640.85,331.97,0.9367
Moguls_Frauen_Final_1_09,239,13,616.74,209.17,693.63,350.78,0.6198,662.35,229.86,0.9588,664.71,227.4,0.881,659.49,227.09,0.929,667.94,226.78,0.628,653.72,226.18,0.8058,671.99,238.68,0.984,647.53,239.36,0.9909,679.74,247.94,0.9256,636.99,252.65,0.9643,675.2,248.17,0.8837,633.7,258.33,0.9337,663.16,275.89,0.9883,647.94,275.32,0.9908,660.93,310.44,0.9671,647.88,309.07,0.9757,649.9,330.73,0.9023,641.41,329.32,0.9198
Moguls_Frauen_Final_1_09,240,13,614.88,212.63,688.71,349.04,0.74,659.22,233.61,0.964,662.14,231.32,0.9134,656.61,230.58,0.922,666.81,231.13,0.7328,652.16,229.74,0.7524,672.0,243.53,0.9895,647.01,243.47,0.9899,680.6,253.62,0.9552,636.05,257.34,0.9587,673.24,251.79,0.9238,632.88,263.11,0.9298,663.7,281.29,0.9907,647.65,280.31,0.9907,663.38,312.48,0.97,646.36,311.41,0.9718,650.66,331.61,0.9002,636.78,331.41,0.9052
Moguls_Frauen_Final_1_09,241,13,616.47,214.84,684.3,339.38,0.7607,660.8,237.82,0.9607,662.87,235.16,0.8805,657.86,235.05,0.9528,665.61,233.66,0.492,652.42,233.51,0.8656,670.16,242.95,0.9912,645.23,244.97,0.9981,678.65,253.3,0.9353,636.05,262.62,0.9918,674.22,253.71,0.9165,624.61,278.53,0.9804,662.94,277.81,0.9947,647.3,278.55,0.9977,663.62,302.17,0.9796,648.01,302.86,0.9898,657.65,322.54,0.9372,642.29,323.78,0.9615
Moguls_Frauen_Final_1_09,242,13,615.84,217.26,683.44,338.76,0.6218,662.19,237.77,0.9693,664.53,235.12,0.8929,659.11,234.7,0.9478,667.44,234.7,0.5915,652.43,234.08,0.8322,672.31,247.29,0.9826,644.78,248.15,0.9929,682.27,260.96,0.9198,631.74,267.6,0.9739,677.99,255.47,0.8878,620.78,273.09,0.9523,665.59,281.04,0.9808,648.09,280.79,0.9874,670.59,302.24,0.945,650.3,300.76,0.9647,663.47,322.82,0.8604,645.42,322.6,0.8942
Moguls_Frauen_Final_1_09,243,13,627.34,217.08,690.3,329.85,0.543,660.51,237.49,0.9552,663.1,234.63,0.9237,657.74,234.49,0.9286,666.99,232.88,0.6813,652.78,232.37,0.7245,673.27,243.23,0.9894,645.05,242.9,0.9935,684.0,259.92,0.9423,636.18,258.24,0.9634,682.95,264.95,0.9049,631.22,259.82,0.9284,667.92,278.76,0.9794,649.7,278.89,0.9843,671.16,298.19,0.8799,649.23,298.49,0.8962,670.79,317.16,0.6778,647.99,317.56,0.7035
Moguls_Frauen_Final_1_09,244,13,619.78,215.21,681.85,320.4,0.2333,659.55,233.67,0.9544,662.91,230.97,0.8974,657.15,230.52,0.9101,668.52,229.95,0.6977,652.69,228.74,0.7202,675.49,240.66,0.9808,645.98,238.34,0.9861,685.72,254.39,0.9293,628.11,244.6,0.9522,675.89,259.94,0.8955,612.53,242.68,0.9256,672.47,273.26,0.9748,653.65,272.28,0.9784,678.06,289.51,0.9192,655.13,288.47,0.9327,678.28,308.9,0.7764,659.94,308.91,0.8025
Moguls_Frauen_Final_1_09,247,13,636.01,197.11,702.45,306.96,0.7803,666.09,213.34,0.9608,668.7,210.62,0.9148,663.39,210.27,0.9335,672.12,210.23,0.619,657.74,208.75,0.7342,674.88,222.03,0.9928,649.12,219.96,0.9954,685.41,236.55,0.9698,639.29,232.29,0.9793,703.07,240.28,0.9545,640.92,229.48,0.9634,670.86,255.72,0.9934,654.72,255.65,0.9949,677.42,277.13,0.974,660.23,277.16,0.9776,683.61,294.47,0.9183,664.19,294.25,0.9251
Moguls_Frauen_Final_1_09,248,13,637.04,193.5,709.19,311.03,0.7753,666.56,212.28,0.9675,668.78,209.28,0.9099,663.47,209.26,0.9577,671.63,208.05,0.5147,656.86,207.38,0.8457,674.63,219.59,0.9922,648.82,218.75,0.9973,687.14,233.14,0.958,639.8,229.96,0.9888,702.46,239.39,0.9436,641.09,225.96,0.9774,673.59,258.82,0.9952,657.7,259.59,0.9973,679.37,285.26,0.9794,664.98,286.16,0.9872,685.17,304.94,0.931,669.8,306.13,0.9507
Moguls_Frauen_Final_1_09,249,13,633.45,192.05,712.84,319.96,0.7532,665.08,212.64,0.9539,667.51,209.35,0.8619,661.89,209.81,0.9096,670.45,208.3,0.6349,655.46,209.3,0.7724,674.75,222.6,0.9881,648.34,222.57,0.9911,688.95,238.78,0.953,636.46,235.73,0.9687,701.15,242.04,0.9231,634.4,239.4,0.945,675.29,260.4,0.9913,658.49,262.02,0.9926,681.52,291.17,0.9732,664.67,294.66,0.9774,691.61,310.76,0.9083,673.32,315.83,0.9167
Moguls_Frauen_Final_1_09,250,13,631.66,193.77,716.16,329.83,0.8239,663.86,215.47,0.9691,666.88,212.16,0.9052,660.77,212.58,0.933,670.62,211.53,0.6992,654.79,212.19,0.7933,674.64,226.39,0.9917,647.21,226.65,0.9924,688.02,242.59,0.9627,636.82,241.21,0.9677,701.1,246.72,0.9344,638.67,244.87,0.9436,674.61,264.66,0.9921,656.89,266.39,0.9925,683.31,292.55,0.9782,663.92,294.29,0.9797,697.52,317.37,0.9302,677.3,319.1,0.9338
Moguls_Frauen_Final_1_09,251,13,633.76,197.16,715.36,328.31,0.8095,663.9,220.6,0.9471,666.04,217.72,0.87,661.01,217.92,0.9208,669.56,217.18,0.495,655.32,217.2,0.7378,673.19,228.45,0.9895,648.73,228.45,0.9949,685.19,242.73,0.9573,641.95,241.39,0.9821,704.29,254.51,0.9405,645.92,244.35,0.9671,673.0,265.26,0.9944,657.47,266.14,0.9963,678.15,290.76,0.9818,659.65,291.52,0.9869,690.45,314.13,0.9446,668.32,315.08,0.9556
Moguls_Frauen_Final_1_09,252,13,634.56,201.22,705.45,313.44,0.6009,662.62,223.89,0.9564,664.99,221.2,0.8996,659.83,221.3,0.9431,668.39,220.72,0.5583,654.59,220.62,0.8089,672.39,230.93,0.9908,647.76,230.96,0.9963,684.18,244.46,0.9498,640.4,244.07,0.9839,699.31,255.2,0.9289,638.45,249.57,0.9675,668.1,259.4,0.9937,652.99,259.76,0.9962,669.63,276.55,0.9806,653.0,276.82,0.987,674.86,294.76,0.9544,657.98,295.35,0.9656
Moguls_Frauen_Final_1_09,253,13,628.43,203.4,695.06,310.75,0.6494,660.02,226.22,0.9461,662.31,223.57,0.8928,657.37,223.73,0.9163,666.36,221.8,0.6249,653.14,222.13,0.7419,672.43,230.1,0.9899,647.49,230.36,0.9956,681.56,242.76,0.9415,639.37,242.15,0.9773,679.86,248.52,0.9162,636.67,247.11,0.9561,667.45,258.42,0.9919,651.97,258.5,0.9948,666.29,272.55,0.9776,649.85,272.44,0.9836,667.79,292.27,0.9467,654.65,292.25,0.9568
Moguls_Frauen_Final_1_09,254,13,637.85,201.74,704.0,304.23,0.5178,658.58,222.56,0.9569,661.26,219.48,0.9248,655.49,219.89,0.8764,667.29,216.8,0.8019,651.9,218.18,0.5895,675.44,224.8,0.9914,647.37,225.72,0.9779,692.41,230.12,0.9729,635.93,235.4,0.9133,708.53,226.6,0.9503,639.04,238.99,0.8796,667.11,256.59,0.987,649.53,255.97,0.9795,658.97,273.0,0.9606,642.18,269.74,0.9383,658.53,293.26,0.8746,644.05,286.27,0.8354
Moguls_Frauen_Final_1_09,255,13,630.15,196.57,712.38,323.01,0.8227,658.17,216.37,0.964,660.76,213.17,0.9101,655.01,213.29,0.92,665.17,210.16,0.7107,649.88,210.61,0.7473,671.06,219.41,0.9901,643.16,222.47,0.9883,689.84,221.95,0.9631,631.9,237.11,0.9559,707.12,218.07,0.9381,638.32,246.25,0.9284,659.28,263.15,0.9896,642.2,263.7,0.9882,653.97,294.69,0.9569,639.69,294.44,0.9544,642.83,317.55,0.8364,631.58,314.76,0.8305
Moguls_Frauen_Final_1_09,256,13,631.99,190.38,709.08,303.75,0.5544,655.97,209.1,0.9583,658.5,205.95,0.9143,652.94,206.2,0.8994,662.62,203.97,0.7398,647.67,204.51,0.6842,669.35,212.64,0.9894,641.44,215.84,0.9822,689.44,217.01,0.9662,629.86,228.11,0.9335,707.61,217.13,0.9446,634.22,230.55,0.9072,661.97,251.56,0.9852,644.53,252.38,0.98,653.67,276.63,0.9356,634.26,277.04,0.917,648.6,299.54,0.7628,629.66,296.11,0.7279
Moguls_Frauen_Final_1_09,257,13,626.96,185.19,705.75,298.05,0.4859,656.32,204.46,0.9638,658.73,201.38,0.8999,652.87,201.33,0.9326,661.53,200.06,0.6485,645.22,199.85,0.7945,666.63,210.81,0.9866,638.24,211.96,0.9892,685.29,219.0,0.946,626.51,224.02,0.9599,702.99,222.84,0.915,624.44,225.78,0.9327,659.9,249.04,0.9859,641.92,249.07,0.9869,654.81,276.32,0.9447,632.88,275.31,0.9502,649.73,296.07,0.8139,627.92,292.09,0.8238
Moguls_Frauen_Final_1_09,258,13,616.53,182.04,700.46,301.02,0.5919,652.51,201.73,0.9654,655.15,198.75,0.9184,649.07,198.31,0.925,659.22,197.52,0.7366,643.24,197.0,0.7599,664.38,210.66,0.9903,637.87,208.91,0.989,676.83,222.53,0.959,624.51,220.52,0.9544,689.06,229.33,0.9253,618.25,223.83,0.9217,653.33,249.77,0.9894,636.57,247.62,0.9885,650.69,280.79,0.9563,630.82,274.91,0.9548,641.69,297.23,0.8463,621.29,287.16,0.8434
Moguls_Frauen_Final_1_09,259,13,604.78,181.56,695.39,310.21,0.8234,649.95,200.8,0.9626,652.4,198.24,0.9046,647.1,197.73,0.9036,656.15,198.07,0.7374,642.34,197.42,0.7188,660.85,211.99,0.9935,636.71,212.07,0.9915,672.84,226.51,0.9749,621.72,228.11,0.9661,683.16,232.02,0.9499,615.09,227.25,0.9393,649.84,251.57,0.9953,634.76,250.42,0.9945,644.48,282.66,0.983,627.39,281.14,0.9811,629.39,302.54,0.9323,612.15,299.72,0.9276
Moguls_Frauen_Final_1_09,260,13,598.85,182.85,689.2,312.73,0.6336,650.56,205.1,0.9746,653.13,202.26,0.9396,647.13,202.06,0.9666,656.47,202.25,0.6255,640.76,201.27,0.8511,661.1,215.81,0.992,632.17,213.25,0.9975,669.33,233.65,0.9457,620.66,227.13,0.9875,674.48,241.77,0.9228,613.83,229.31,0.9719,648.56,252.84,0.9925,630.72,251.18,0.9959,640.1,279.65,0.9682,622.49,278.25,0.98,629.54,303.28,0.8934,614.13,302.37,0.9239
Moguls_Frauen_Final_1_09,261,13,587.17,186.77,682.96,325.83,0.6207,644.92,209.78,0.9695,647.92,207.18,0.9246,641.73,206.63,0.9233,653.18,206.96,0.7619,637.4,206.21,0.7365,658.21,221.87,0.9923,632.57,220.02,0.9909,665.67,237.46,0.9644,619.63,234.93,0.9588,666.5,244.14,0.9332,617.92,237.27,0.927,642.71,260.03,0.9928,627.42,257.33,0.9922,631.74,291.92,0.9791,622.31,287.56,0.9782,611.86,317.54,0.9298,609.38,311.74,0.9282
Moguls_Frauen_Final_1_09,262,13,588.13,191.15,678.34,324.35,0.6951,645.42,214.04,0.9669,648.05,211.49,0.9077,642.48,210.98,0.9327,652.12,211.16,0.6977,637.43,210.23,0.7898,657.27,225.58,0.9882,630.4,223.29,0.9913,661.82,242.16,0.9417,617.84,237.64,0.9624,654.8,252.66,0.8983,611.61,243.71,0.9282,642.13,261.47,0.9873,625.54,258.51,0.9892,634.55,291.8,0.9611,620.96,285.55,0.9675,620.93,312.75,0.887,613.06,304.41,0.8994
Moguls_Frauen_Final_1_09,263,13,589.06,196.01,673.43,322.7,0.7186,645.82,218.3,0.9604,648.38,215.72,0.8997,643.06,215.34,0.9489,651.71,215.14,0.5588,637.73,214.08,0.8351,655.24,226.49,0.99,629.28,225.19,0.9974,661.58,241.81,0.9335,617.62,240.79,0.9884,656.15,246.32,0.9107,608.56,251.44,0.9732,642.35,262.41,0.9915,626.48,261.28,0.9958,635.19,289.87,0.9621,622.56,288.88,0.9781,625.79,312.07,0.8718,617.92,311.6,0.9127
Moguls_Frauen_Final_1_09,264,13,590.15,199.35,671.12,322.6,0.8023,645.83,221.35,0.9666,648.58,218.83,0.8843,643.19,218.34,0.9471,652.01,218.04,0.595,637.64,216.86,0.8505,655.34,229.56,0.9807,629.89,229.01,0.994,661.78,240.02,0.9094,617.23,243.76,0.9789,655.31,241.99,0.8775,607.42,258.7,0.9582,643.51,263.43,0.9835,627.1,262.12,0.9903,645.19,289.59,0.9519,626.99,286.47,0.9732,636.76,308.91,0.8707,621.65,306.89,0.9117
Moguls_Frauen_Final_1_09,265,13,598.76,201.54,673.05,317.58,0.6782,646.11,221.3,0.9399,648.62,219.01,0.8827,643.85,218.4,0.903,651.8,218.38,0.6245,639.37,216.7,0.7056,655.81,228.33,0.989,631.58,226.21,0.9939,661.3,240.85,0.9477,621.85,238.18,0.9723,657.17,238.85,0.9234,624.22,239.94,0.9492,648.07,261.48,0.991,631.99,260.47,0.9934,651.11,281.33,0.9716,629.44,280.16,0.9764,646.65,301.19,0.9218,623.25,299.64,0.931
Moguls_Frauen_Final_1_09,267,13,606.93,196.48,680.86,315.15,0.5939,648.95,210.98,0.9552,651.99,208.4,0.9287,646.22,207.86,0.9063,656.1,208.98,0.7581,641.15,207.36,0.6298,662.05,222.84,0.9909,633.34,219.39,0.9915,669.28,240.22,0.9524,622.04,229.68,0.943,662.29,246.82,0.919,625.06,229.57,0.9062,656.77,260.61,0.9872,637.66,259.38,0.9878,661.3,287.04,0.9482,637.65,285.74,0.9437,663.0,309.25,0.8466,639.29,307.21,0.8343
Moguls_Frauen_Final_1_09,268,13,615.39,191.4,678.26,291.99,0.4296,652.26,206.01,0.9259,654.76,203.81,0.8755,650.25,203.17,0.8969,658.32,203.78,0.6048,645.55,201.75,0.7011,663.02,214.88,0.9815,636.57,210.75,0.9893,670.99,230.98,0.9054,624.63,220.23,0.9474,667.32,235.21,0.8497,627.02,218.52,0.8988,656.22,247.65,0.9689,638.33,246.05,0.9767,663.81,264.06,0.8267,636.92,262.47,0.855,665.42,284.01,0.6276,636.82,282.06,0.6634
Moguls_Frauen_Final_1_09,269,13,615.79,186.26,681.77,292.62,0.7705,654.97,206.83,0.9594,657.24,204.13,0.8935,652.3,203.69,0.9403,660.3,202.12,0.5499,646.92,200.55,0.7999,664.35,212.14,0.9915,638.83,208.23,0.9973,672.57,225.87,0.9534,628.06,214.54,0.9893,671.08,229.1,0.9377,626.88,210.37,0.9786,657.33,246.25,0.994,640.45,245.03,0.9968,665.49,266.34,0.9764,642.72,265.14,0.986,669.43,283.12,0.9275,643.58,281.64,0.9487
Moguls_Frauen_Final_1_09,270,13,616.84,183.78,688.72,301.33,0.7599,658.79,204.99,0.9189,661.12,202.34,0.8038,656.29,201.59,0.8832,663.55,200.91,0.4105,649.99,198.46,0.6865,666.5,211.25,0.9843,640.2,207.12,0.9934,674.98,225.45,0.949,630.22,215.82,0.9826,677.78,226.51,0.9345,628.19,210.94,0.9693,659.61,249.19,0.9933,642.37,248.12,0.9958,666.97,276.0,0.9778,646.86,275.04,0.9845,674.57,296.67,0.9254,650.38,295.38,0.941
Moguls_Frauen_Final_1_09,271,13,614.55,183.7,692.58,310.57,0.7621,658.4,205.57,0.9659,661.47,202.58,0.9064,655.77,202.7,0.9305,665.47,200.8,0.6998,650.16,200.49,0.7891,669.17,213.95,0.9904,641.03,211.28,0.9919,679.4,228.99,0.9579,626.68,219.69,0.9656,683.21,229.54,0.926,619.86,221.47,0.9384,663.14,250.53,0.9923,645.4,250.35,0.9927,669.03,279.39,0.9782,649.63,278.63,0.9802,682.81,300.43,0.931,662.17,299.65,0.9365
Moguls_Frauen_Final_1_09,272,13,617.05,185.6,696.18,313.78,0.7671,659.35,208.4,0.9775,662.57,205.78,0.9521,656.73,205.22,0.9625,667.12,204.78,0.7071,652.04,203.1,0.7994,670.43,215.86,0.9956,644.76,213.25,0.9983,680.53,230.79,0.977,633.05,224.86,0.9916,690.71,235.95,0.9653,626.33,226.73,0.9824,664.87,253.06,0.9966,648.38,252.38,0.998,674.06,279.75,0.9828,653.71,278.94,0.9881,681.16,303.36,0.9392,655.58,302.01,0.9526
Moguls_Frauen_Final_1_09,273,13,621.26,189.55,703.7,323.57,0.8549,663.09,213.9,0.9601,665.99,210.61,0.8911,660.47,210.82,0.9183,669.28,208.71,0.6767,654.2,208.58,0.777,672.59,221.55,0.9905,643.85,220.73,0.991,683.95,237.2,0.9622,632.71,231.4,0.9641,692.07,247.33,0.9321,634.31,230.23,0.9386,667.67,257.68,0.993,649.26,258.66,0.9928,677.26,287.99,0.9789,655.05,288.39,0.9798,690.38,312.64,0.9285,666.81,311.4,0.9317
Moguls_Frauen_Final_1_09,274,13,629.03,193.34,706.06,318.06,0.8149,663.96,217.15,0.9701,666.47,214.45,0.9162,661.3,214.26,0.9536,670.03,213.2,0.5642,655.72,212.11,0.8149,671.98,223.32,0.9927,646.76,221.15,0.9968,683.64,238.82,0.9588,636.82,232.41,0.9856,698.16,253.39,0.9424,644.03,237.2,0.9722,666.76,256.25,0.9936,650.84,256.19,0.996,670.39,280.58,0.9742,654.33,280.68,0.9824,679.25,302.81,0.9184,663.12,303.14,0.9363
Moguls_Frauen_Final_1_09,275,13,628.66,197.24,695.91,307.45,0.6982,661.04,218.65,0.9568,663.86,216.28,0.919,658.99,215.93,0.9262,668.29,215.76,0.6865,655.12,214.64,0.7335,672.48,225.57,0.9913,647.43,223.63,0.9951,679.57,238.89,0.9542,637.3,234.09,0.9725,678.73,242.88,0.9315,640.04,235.75,0.949,665.83,255.09,0.9906,649.93,254.31,0.9929,669.45,276.1,0.9648,650.63,275.08,0.9699,671.07,294.21,0.8988,655.4,292.94,0.9098
Moguls_Frauen_Final_1_09,276,13,629.12,198.99,688.64,297.04,0.6371,661.35,219.57,0.9414,663.81,217.22,0.8704,659.0,216.9,0.9209,667.54,216.19,0.5589,654.58,215.1,0.7813,670.89,224.22,0.9867,647.47,222.66,0.9951,678.24,235.4,0.9241,637.02,233.34,0.9793,677.27,233.2,0.8955,639.88,234.31,0.9575,664.96,252.43,0.9839,649.53,251.77,0.9907,667.58,268.93,0.9296,647.43,268.12,0.9543,668.6,285.42,0.8131,647.56,284.49,0.8586
Moguls_Frauen_Final_1_09,277,13,624.81,197.2,690.19,307.63,0.3631,658.47,214.58,0.953,661.28,211.92,0.91,655.94,211.63,0.9267,665.91,210.62,0.6469,652.28,209.8,0.7341,671.17,220.64,0.985,646.41,219.85,0.9934,678.89,231.09,0.922,637.73,231.69,0.9712,676.64,227.1,0.895,640.09,233.54,0.946,664.36,256.64,0.9784,648.46,256.0,0.9863,663.22,281.34,0.9043,645.19,280.33,0.9308,659.16,299.78,0.7291,641.81,298.39,0.7787
Moguls_Frauen_Final_1_09,278,13,624.43,193.76,702.77,326.49,0.6963,658.38,210.88,0.9672,661.25,207.58,0.9074,655.33,207.79,0.9334,664.78,205.52,0.6863,649.6,206.11,0.7767,668.76,215.59,0.9869,641.71,219.74,0.9882,684.18,221.3,0.9479,631.29,235.04,0.9558,694.63,216.09,0.9148,634.22,233.33,0.9247,661.07,264.08,0.9854,643.15,265.81,0.9863,658.93,304.14,0.939,641.04,307.36,0.9425,655.24,328.45,0.7696,638.77,332.13,0.7716
Moguls_Frauen_Final_1_09,279,13,619.66,189.32,707.81,340.88,0.5666,655.62,207.22,0.959,658.44,203.91,0.8896,652.72,204.36,0.9253,662.12,201.77,0.6606,647.46,202.65,0.7885,666.87,211.15,0.9844,639.41,217.78,0.989,683.97,216.11,0.9412,631.83,238.06,0.96,693.67,213.44,0.9128,634.71,259.54,0.9271,658.94,261.31,0.9845,641.71,264.31,0.9862,654.94,303.37,0.9185,639.4,306.58,0.9288,653.66,330.2,0.6956,641.42,332.34,0.7146
Moguls_Frauen_Final_1_09,280,13,625.42,186.29,700.17,312.08,0.7114,652.41,206.12,0.9548,654.99,203.26,0.9127,649.78,203.46,0.9309,659.8,200.72,0.6292,646.16,201.28,0.7396,665.99,207.87,0.9895,639.07,212.02,0.9945,681.92,215.23,0.9491,631.54,231.11,0.9756,689.61,217.68,0.9249,630.55,248.95,0.9513,660.0,244.67,0.9861,643.1,246.23,0.9903,657.65,270.64,0.9073,638.69,272.03,0.9272,653.85,289.12,0.7121,635.74,291.14,0.7538
Moguls_Frauen_Final_1_09,281,13,613.76,186.41,694.21,323.12,0.4642,651.49,207.5,0.9616,653.95,204.73,0.8939,648.22,204.6,0.9209,658.53,203.09,0.671,643.44,203.47,0.7574,664.51,214.22,0.9878,637.81,217.13,0.9904,674.48,222.42,0.9482,626.63,239.35,0.9631,680.06,220.93,0.9122,628.22,257.91,0.9321,655.54,251.85,0.9908,638.82,251.87,0.9917,654.27,286.02,0.9736,636.96,284.35,0.9773,641.78,309.62,0.9197,625.31,307.73,0.9269
Moguls_Frauen_Final_1_09,282,13,605.27,189.86,689.07,334.15,0.609,651.63,212.28,0.958,653.55,209.54,0.8523,648.26,209.44,0.9306,656.65,208.42,0.5494,642.12,208.63,0.8187,661.32,220.52,0.9832,635.78,221.43,0.9927,670.94,229.62,0.9235,625.01,240.58,0.9754,676.65,226.15,0.8834,626.78,256.17,0.9498,651.86,258.65,0.9905,635.74,257.97,0.9937,649.88,292.45,0.9749,634.38,290.26,0.984,636.52,317.97,0.927,621.85,315.92,0.9448
Moguls_Frauen_Final_1_09,283,13,603.53,195.7,683.84,335.9,0.5443,649.6,219.4,0.9576,651.81,216.68,0.8708,646.48,216.45,0.9249,655.42,215.67,0.5983,641.0,215.48,0.7893,660.5,228.0,0.9826,634.97,228.57,0.9899,669.69,238.61,0.9245,623.95,247.6,0.9639,668.18,234.77,0.8823,621.41,263.76,0.932,651.11,266.93,0.9863,634.74,266.1,0.9895,649.28,300.59,0.9604,632.62,299.0,0.9705,638.56,324.9,0.8815,622.05,324.09,0.9007
Moguls_Frauen_Final_1_09,284,13,602.88,203.87,677.78,336.23,0.5469,647.95,228.12,0.9585,650.52,225.19,0.9031,644.65,225.07,0.9446,654.49,224.12,0.5656,639.2,223.9,0.804,658.49,234.36,0.9873,632.99,235.39,0.9959,665.73,246.54,0.9182,623.06,252.8,0.9792,660.99,250.11,0.8932,616.77,267.93,0.9568,649.97,270.83,0.9909,633.25,270.81,0.9948,649.93,299.05,0.9716,628.43,298.91,0.9815,641.17,323.12,0.9191,617.7,323.4,0.9414
Moguls_Frauen_Final_1_09,285,13,607.27,212.52,678.17,340.9,0.4175,649.11,237.44,0.9511,651.27,234.85,0.8862,646.11,234.62,0.932,654.27,233.3,0.5606,640.35,232.72,0.7885,658.79,241.39,0.9884,632.95,242.7,0.9952,666.54,252.0,0.9292,624.7,260.06,0.9754,660.8,250.67,0.9024,620.65,272.18,0.951,652.18,275.19,0.9906,635.48,275.61,0.994,652.75,302.13,0.9681,634.29,302.47,0.9771,647.51,326.32,0.9059,629.44,327.02,0.9254
Moguls_Frauen_Final_1_09,286,13,611.33,221.51,677.3,343.42,0.6418,650.85,245.36,0.936,653.13,242.63,0.8442,647.68,242.2,0.9014,655.78,241.51,0.5231,641.47,240.4,0.738,659.67,251.48,0.9855,634.11,251.25,0.9924,665.53,261.78,0.9155,623.46,265.22,0.9621,660.2,259.17,0.885,620.37,272.73,0.933,651.85,286.46,0.9881,636.01,286.45,0.9916,655.66,307.72,0.9662,644.0,307.72,0.9737,645.94,329.88,0.9082,638.09,329.73,0.9221
Moguls_Frauen_Final_1_09,287,13,616.83,229.37,677.72,343.22,0.47,653.12,253.29,0.9346,655.0,250.73,0.833,650.3,250.38,0.9124,657.37,249.01,0.4741,644.34,247.94,0.7795,661.9,256.91,0.9838,635.64,256.83,0.9929,669.06,266.39,0.9053,626.13,269.97,0.9687,664.61,263.97,0.8716,626.82,276.34,0.9403,656.15,288.65,0.9841,638.89,288.88,0.9899,663.2,306.85,0.9465,641.75,307.02,0.963,658.0,326.77,0.8617,636.91,327.03,0.8914
Moguls_Frauen_Final_1_09,289,13,602.86,233.58,677.54,368.85,0.572,653.51,253.02,0.9626,656.55,250.1,0.8964,650.81,250.02,0.9337,661.03,249.1,0.6724,645.79,248.53,0.8027,667.32,263.44,0.9823,638.09,259.83,0.9912,676.95,277.26,0.9235,618.61,263.18,0.9675,670.22,280.35,0.8826,600.52,262.72,0.9403,664.95,305.13,0.9805,646.83,304.01,0.9862,667.97,342.9,0.9152,650.75,340.78,0.9395,677.29,361.16,0.7228,661.79,359.17,0.7717
Moguls_Frauen_Final_1_09,290,13,606.11,234.09,673.15,346.6,0.4757,656.3,253.3,0.9517,659.2,250.33,0.8316,653.95,250.13,0.9293,662.28,249.41,0.4949,647.58,247.82,0.8313,666.62,261.26,0.9708,638.15,256.84,0.9926,679.05,276.54,0.8813,621.18,263.01,0.9787,676.86,279.47,0.8475,603.18,266.13,0.9585,661.36,289.83,0.9785,642.59,288.52,0.9887,667.51,306.43,0.9443,641.58,305.91,0.9726,674.7,325.19,0.8592,648.04,327.43,0.9124
Moguls_Frauen_Final_1_09,291,13,618.4,234.1,684.59,345.38,0.5159,658.34,253.24,0.9522,660.48,250.48,0.8953,655.29,250.1,0.9284,663.02,249.38,0.5811,648.82,248.09,0.7541,668.63,260.75,0.9897,641.1,257.9,0.9952,679.88,275.33,0.9471,629.89,266.63,0.9781,676.55,279.37,0.9222,622.78,264.73,0.9582,663.65,296.14,0.991,645.7,295.33,0.994,670.09,318.28,0.9625,647.74,317.57,0.9719,674.62,335.35,0.8868,649.49,334.53,0.9051
Moguls_Frauen_Final_1_09,292,13,622.06,235.86,692.71,355.18,0.6178,658.1,256.65,0.9686,660.94,253.69,0.9417,654.96,253.26,0.9436,665.12,252.24,0.708,649.28,250.95,0.7297,671.53,263.83,0.9933,642.56,261.61,0.9962,684.24,280.28,0.9664,632.92,274.34,0.9785,681.24,280.66,0.9473,628.49,271.95,0.96,667.63,302.84,0.9924,648.66,302.3,0.9943,676.85,328.22,0.9607,653.37,327.57,0.9665,682.34,349.65,0.8672,656.44,348.51,0.8793
Moguls_Frauen_Final_1_09,293,13,619.52,239.38,694.12,363.58,0.795,660.06,261.8,0.9625,663.01,258.65,0.8942,657.31,258.7,0.9314,666.9,256.71,0.6592,651.27,256.28,0.7999,671.96,269.58,0.9873,643.4,267.39,0.992,685.64,285.24,0.9449,628.86,276.28,0.9698,683.29,285.21,0.9135,621.71,277.28,0.947,670.09,306.84,0.9907,652.06,307.24,0.9925,676.78,335.09,0.9702,657.47,338.0,0.9772,685.66,352.24,0.9033,666.81,357.66,0.9192
Moguls_Frauen_Final_1_09,294,13,621.41,244.17,698.44,372.04,0.8037,660.57,265.07,0.9503,663.66,262.13,0.9084,658.04,261.83,0.9129,668.17,261.32,0.627,653.11,260.52,0.6514,673.4,273.58,0.9895,645.67,272.95,0.9936,685.03,288.43,0.961,634.73,286.19,0.9742,686.3,292.14,0.9431,630.16,288.12,0.9558,670.52,314.17,0.9946,652.93,314.57,0.9957,676.51,340.99,0.9839,657.64,341.16,0.9854,687.62,361.49,0.9515,667.15,361.21,0.9538
Moguls_Frauen_Final_1_09,295,13,624.37,252.36,706.13,388.77,0.7386,661.36,275.93,0.9597,664.61,272.85,0.915,658.88,272.85,0.8978,669.6,271.46,0.7665,654.38,271.08,0.6924,676.4,284.64,0.9924,645.65,283.85,0.9874,689.81,300.58,0.9712,634.41,295.76,0.9445,690.34,304.72,0.9451,638.87,295.1,0.9155,673.93,322.56,0.9929,654.69,323.42,0.9904,681.98,354.74,0.9772,662.7,355.74,0.9717,691.74,379.53,0.9157,674.46,379.64,0.9066
Moguls_Frauen_Final_1_09,296,13,628.11,261.4,712.37,403.36,0.7994,666.48,284.5,0.9563,668.85,281.25,0.871,663.72,281.81,0.905,671.52,279.6,0.6534,657.69,280.64,0.7574,676.52,291.96,0.991,648.03,293.96,0.9907,688.4,307.51,0.9648,638.23,308.6,0.9638,692.53,313.81,0.9361,642.39,307.37,0.9388,675.12,332.54,0.9936,656.7,334.88,0.9934,683.87,363.88,0.9826,665.37,366.74,0.9828,695.76,389.34,0.9422,678.29,391.58,0.9427
Moguls_Frauen_Final_1_09,297,13,633.53,272.03,716.32,412.6,0.8711,666.23,293.42,0.968,669.38,290.82,0.9261,663.66,290.6,0.9137,673.16,291.64,0.7651,658.67,290.86,0.7112,677.68,305.95,0.9928,651.5,305.19,0.989,690.44,320.36,0.9719,644.01,315.03,0.9486,697.93,326.79,0.9465,648.22,311.49,0.919,677.4,343.24,0.9928,660.24,344.17,0.9905,685.81,371.73,0.9813,665.7,371.87,0.9769,697.14,398.98,0.9418,676.09,397.35,0.9357
Moguls_Frauen_Final_1_09,298,13,637.62,282.34,715.1,414.44,0.8222,669.15,304.77,0.9535,671.64,301.89,0.8752,666.48,302.09,0.897,674.57,301.66,0.6638,660.6,301.87,0.7236,679.38,314.6,0.9893,651.51,313.79,0.9873,690.63,332.01,0.9598,643.16,325.31,0.952,700.89,342.97,0.928,647.71,321.1,0.9216,675.29,347.64,0.9895,656.96,348.11,0.9885,682.5,375.61,0.9708,659.96,373.55,0.9687,693.85,400.22,0.9139,670.37,394.69,0.9113
Moguls_Frauen_Final_1_09,299,13,640.31,292.74,710.67,411.4,0.507,670.44,317.07,0.866,671.84,314.16,0.6656,667.73,314.21,0.8528,673.84,312.29,0.2676,661.61,311.82,0.7374,677.98,321.78,0.9689,652.32,321.45,0.9901,687.45,336.34,0.8749,641.85,336.58,0.9764,694.19,336.42,0.8437,645.4,336.21,0.9523,674.62,358.73,0.9759,658.21,359.24,0.9875,678.78,380.85,0.8667,660.58,381.63,0.9238,677.18,396.59,0.6504,658.71,397.83,0.7471
Moguls_Frauen_Final_1_09,300,13,637.22,300.21,703.0,411.03,0.6876,665.84,316.09,0.9483,668.29,313.62,0.8811,663.3,313.49,0.9297,671.77,313.83,0.5734,659.18,313.31,0.7906,677.66,325.59,0.9877,652.05,325.89,0.9955,686.76,336.05,0.9232,642.37,339.4,0.9807,691.54,331.47,0.889,641.42,341.59,0.9577,673.56,361.66,0.9858,657.27,361.76,0.992,676.29,384.15,0.9272,656.35,383.86,0.9545,674.26,401.23,0.787,654.27,400.65,0.8421
Moguls_Frauen_Final_1_09,301,13,640.12,304.61,707.17,413.87,0.6749,664.88,324.08,0.9379,667.19,321.52,0.8501,662.4,321.6,0.8573,670.86,318.99,0.6315,657.18,319.22,0.6476,677.52,324.18,0.9872,648.11,328.28,0.9841,694.13,324.04,0.9642,637.21,339.34,0.9518,707.33,322.28,0.94,639.14,340.77,0.9271,669.21,359.64,0.9896,650.36,360.94,0.9878,670.53,381.38,0.9662,647.88,381.15,0.9628,667.17,401.31,0.8935,646.57,398.59,0.8884
Moguls_Frauen_Final_1_09,302,13,630.27,304.97,712.62,439.17,0.7353,663.78,322.21,0.9568,666.05,318.85,0.8673,660.56,319.42,0.9078,669.58,316.06,0.5847,654.61,317.69,0.7097,676.93,323.87,0.9841,646.1,330.12,0.9855,693.19,321.52,0.9466,634.74,342.89,0.9555,703.11,319.04,0.9101,636.55,344.06,0.925,666.57,372.92,0.9857,646.27,374.24,0.9865,662.77,408.41,0.9515,638.59,408.42,0.9547,657.05,435.46,0.8398,632.28,433.12,0.8433
Moguls_Frauen_Final_1_09,303,13,634.47,302.4,705.07,413.51,0.4831,663.18,317.28,0.9092,664.92,314.56,0.7752,660.5,314.76,0.9014,667.54,313.62,0.3628,655.15,314.07,0.79,672.43,321.31,0.9823,646.14,325.73,0.9938,688.45,324.38,0.9278,638.59,342.2,0.983,695.87,317.57,0.9098,638.83,352.07,0.9651,665.7,354.17,0.9874,649.13,355.96,0.9928,662.69,371.79,0.9425,644.5,373.59,0.9642,656.25,386.08,0.8311,639.18,389.15,0.879
Moguls_Frauen_Final_1_09,304,13,632.38,300.36,703.64,410.07,0.7306,659.86,320.38,0.957,662.2,317.36,0.9009,656.86,317.45,0.9066,666.54,314.33,0.7098,651.68,314.93,0.7274,673.44,321.15,0.9896,644.56,325.64,0.9873,688.95,323.38,0.9634,634.1,340.32,0.9525,698.01,322.95,0.9363,634.67,349.56,0.9221,663.0,356.92,0.9903,644.58,357.6,0.9887,663.41,384.85,0.9644,641.34,382.11,0.9612,654.99,402.93,0.8777,634.32,395.97,0.8726
Moguls_Frauen_Final_1_09,305,13,620.95,300.0,693.36,413.36,0.5425,657.91,321.01,0.9415,660.42,317.73,0.8798,654.88,317.9,0.9228,664.79,314.93,0.5232,649.67,315.45,0.7544,669.64,322.71,0.9843,640.95,326.57,0.993,681.64,330.31,0.9185,631.37,345.57,0.9673,679.26,329.68,0.8913,632.51,361.31,0.9368,661.65,362.73,0.9827,643.28,364.18,0.9884,658.57,388.16,0.9082,638.7,389.51,0.9307,649.4,408.58,0.7432,633.68,410.85,0.7895
Moguls_Frauen_Final_1_09,306,13,608.7,302.16,691.34,432.62,0.5858,655.5,325.62,0.9517,657.38,322.63,0.8634,652.1,322.73,0.9161,661.45,319.51,0.6011,646.83,320.48,0.7758,668.35,328.76,0.9831,641.01,332.19,0.9899,679.7,336.44,0.9262,628.09,352.95,0.9638,683.34,338.1,0.8813,627.46,375.94,0.9287,657.73,366.29,0.9904,640.81,366.42,0.9924,655.96,400.41,0.9751,639.5,399.12,0.9815,638.57,421.5,0.9304,624.27,419.67,0.9425
Moguls_Frauen_Final_1_09,307,13,600.22,305.57,688.7,446.52,0.7451,653.49,326.79,0.9613,655.78,323.97,0.8848,650.03,323.82,0.9309,660.29,322.5,0.6387,644.99,322.74,0.8015,666.22,334.85,0.9867,640.11,335.81,0.9929,676.05,345.65,0.9363,625.3,353.43,0.9739,679.19,347.31,0.8956,626.22,366.54,0.946,655.38,374.99,0.9938,639.03,374.23,0.9954,650.84,410.84,0.9826,635.26,410.73,0.988,628.4,432.1,0.9459,614.99,432.98,0.9572
Moguls_Frauen_Final_1_09,308,13,593.42,310.51,682.75,454.34,0.6479,655.55,332.18,0.961,657.45,329.52,0.8578,652.27,329.11,0.9419,659.9,328.33,0.5163,645.24,327.71,0.8399,663.89,341.03,0.9782,638.41,340.75,0.9928,669.07,353.64,0.8939,625.36,356.68,0.9749,663.9,356.89,0.8449,622.16,364.26,0.9477,653.95,381.18,0.9882,637.58,379.78,0.9931,648.96,415.85,0.9701,631.74,414.43,0.9831,630.31,437.91,0.9218,614.94,437.57,0.945
Moguls_Frauen_Final_1_09,309,13,589.14,317.84,677.45,461.34,0.8232,651.15,337.6,0.9509,653.56,335.17,0.859,648.44,334.62,0.9082,657.18,335.63,0.6267,643.89,334.66,0.7722,661.49,350.2,0.9848,637.83,349.34,0.9914,666.92,363.52,0.9372,623.66,364.95,0.971,658.69,365.07,0.9,619.18,371.91,0.9438,648.79,391.27,0.991,633.84,389.44,0.9932,640.45,424.83,0.9696,627.42,423.96,0.9779,620.92,446.46,0.8955,611.62,447.06,0.9133
Moguls_Frauen_Final_1_09,310,13,589.46,324.56,674.88,464.42,0.8397,653.16,345.47,0.9591,655.26,343.04,0.854,650.11,342.27,0.9358,658.27,342.28,0.5417,644.03,340.9,0.8332,661.58,355.53,0.9807,637.87,353.77,0.9934,666.38,367.91,0.9085,623.06,368.92,0.9783,659.08,369.84,0.8637,617.06,379.61,0.9535,648.97,395.2,0.9894,633.75,392.92,0.9938,643.1,428.63,0.9685,628.83,426.66,0.9823,619.6,446.24,0.9097,608.45,446.04,0.9364
Moguls_Frauen_Final_1_09,311,13,596.67,330.11,672.41,454.42,0.589,654.62,349.48,0.9491,656.84,347.3,0.8238,652.03,346.56,0.9235,659.57,347.2,0.5148,646.11,345.53,0.8254,662.87,360.13,0.9768,637.23,357.17,0.9922,668.12,372.95,0.899,622.83,371.24,0.9751,662.09,370.53,0.8574,612.48,384.33,0.9498,651.73,392.4,0.9825,635.73,390.39,0.9897,653.78,418.94,0.9483,638.55,415.09,0.9703,644.94,432.54,0.868,633.4,430.15,0.9065
Moguls_Frauen_Final_1_09,312,13,609.91,333.77,678.57,449.58,0.4847,654.77,352.94,0.9114,657.24,350.42,0.8277,652.41,349.75,0.8473,660.43,349.31,0.558,647.36,347.4,0.6139,664.8,360.05,0.9837,638.72,357.19,0.9889,669.84,375.39,0.9319,627.84,370.18,0.9522,662.38,377.96,0.9027,627.83,375.76,0.9225,655.94,395.02,0.9865,639.4,393.92,0.9889,659.18,414.55,0.9594,643.35,413.46,0.9627,654.8,433.54,0.8913,642.61,431.94,0.8956
Moguls_Frauen_Final_1_09,313,13,617.18,333.3,682.47,444.89,0.555,658.69,350.33,0.9217,660.68,347.65,0.8129,655.78,347.59,0.8994,663.33,346.47,0.4657,650.0,346.03,0.7817,668.81,355.72,0.9844,641.01,354.01,0.9943,676.55,369.05,0.9108,630.36,362.83,0.9758,667.04,374.47,0.8818,635.59,364.25,0.953,660.85,385.53,0.9874,643.2,385.1,0.9925,669.7,400.43,0.9589,652.47,399.96,0.974,660.81,420.83,0.8975,653.14,420.52,0.9258
Moguls_Frauen_Final_1_09,314,13,620.74,330.49,689.18,449.12,0.3499,659.53,346.49,0.9193,662.07,343.64,0.8751,657.04,343.57,0.8463,667.2,341.14,0.6211,653.18,341.02,0.5106,675.61,349.94,0.9802,646.77,348.43,0.9859,683.01,364.82,0.9376,634.65,358.75,0.95,675.0,370.88,0.9161,635.66,362.35,0.9274,668.89,384.78,0.9871,651.24,383.99,0.9891,669.9,403.6,0.9707,654.63,402.49,0.9717,666.79,429.81,0.9298,659.65,428.06,0.9306
Moguls_Frauen_Final_1_09,316,13,634.83,318.62,693.66,418.36,0.5262,666.18,332.89,0.9058,668.49,330.57,0.8091,664.1,330.11,0.8743,671.56,329.27,0.4655,659.29,327.79,0.7009,674.78,336.23,0.9808,650.53,334.54,0.9915,686.58,345.32,0.9351,640.18,342.86,0.9757,688.84,346.46,0.9145,641.04,344.89,0.9557,669.13,364.68,0.978,653.68,364.36,0.9857,673.78,380.17,0.8827,657.18,379.78,0.9151,678.18,393.68,0.6824,663.79,393.4,0.737
Moguls_Frauen_Final_1_09,317,13,625.88,312.55,690.73,416.77,0.7335,666.16,328.65,0.9574,669.26,326.03,0.8913,664.15,326.05,0.9112,674.26,324.29,0.6941,660.63,323.87,0.7456,679.5,333.98,0.9868,652.82,333.03,0.9908,691.83,343.32,0.9477,634.78,340.09,0.9655,696.16,344.38,0.9168,619.02,344.54,0.9394,672.3,362.98,0.9882,656.26,362.76,0.9897,675.62,381.46,0.9689,659.02,380.21,0.9745,681.71,400.13,0.9163,668.16,399.47,0.9288
Moguls_Frauen_Final_1_09,318,13,625.22,308.77,696.68,418.96,0.8007,672.14,327.54,0.945,674.65,324.49,0.84,669.44,324.89,0.9034,677.92,322.11,0.5956,663.31,322.8,0.7692,682.25,331.46,0.9832,654.04,331.58,0.9905,696.97,341.77,0.9387,636.71,340.25,0.9696,703.69,343.77,0.9078,623.08,347.84,0.945,676.45,362.3,0.9883,659.4,363.08,0.9912,677.97,384.49,0.9688,662.51,386.12,0.9762,686.89,403.45,0.907,674.4,406.74,0.9213
Moguls_Frauen_Final_1_09,319,13,633.91,306.96,705.73,417.99,0.568,675.25,327.99,0.9473,678.06,325.29,0.8788,672.45,324.88,0.9288,681.94,323.27,0.5142,666.87,321.88,0.7661,685.26,330.57,0.9877,658.26,328.99,0.9957,695.07,343.18,0.9395,646.2,341.27,0.9834,702.47,347.31,0.92,641.48,347.53,0.9673,678.59,360.12,0.9919,662.13,359.71,0.9954,679.52,382.56,0.9726,664.9,382.06,0.9822,684.02,406.53,0.9222,672.48,405.99,0.9416
Moguls_Frauen_Final_1_09,320,13,631.43,307.68,704.73,420.33,0.6184,674.31,327.31,0.9319,677.1,324.9,0.8719,672.28,324.48,0.8955,681.78,324.34,0.5642,668.45,323.26,0.6689,687.47,334.89,0.9849,660.48,333.32,0.9941,696.48,348.42,0.9361,645.77,345.82,0.9777,695.59,351.86,0.912,636.55,354.86,0.9562,680.17,369.78,0.9877,663.88,368.95,0.9924,683.65,394.63,0.9407,668.57,393.44,0.9576,685.95,418.34,0.8247,676.18,416.77,0.8597
Moguls_Frauen_Final_1_09,321,13,638.91,310.53,714.04,425.39,0.6872,680.1,335.2,0.9721,682.31,332.39,0.9021,677.17,332.4,0.9694,685.39,329.95,0.4434,671.23,329.67,0.898,688.16,338.15,0.9921,662.22,338.33,0.9985,699.53,349.99,0.9506,651.72,350.6,0.995,708.33,357.49,0.9384,649.15,356.5,0.988,683.08,374.1,0.9944,666.54,374.97,0.9977,692.56,399.37,0.9683,674.41,400.29,0.986,697.71,419.68,0.8883,677.62,421.13,0.9366
Moguls_Frauen_Final_1_09,322,13,644.58,314.78,723.24,435.57,0.7253,684.89,336.72,0.9671,687.33,334.01,0.8733,682.18,333.69,0.9675,689.92,333.41,0.3775,675.42,331.96,0.9125,690.5,343.86,0.9908,664.5,342.62,0.9981,701.5,357.07,0.935,655.01,355.31,0.9929,713.92,365.0,0.9191,659.09,358.58,0.9831,685.19,378.62,0.9949,668.35,379.19,0.9978,694.44,402.35,0.9807,676.16,403.14,0.9912,700.74,423.49,0.9439,681.14,424.87,0.9679
Moguls_Frauen_Final_1_09,323,13,650.75,318.51,725.26,431.22,0.7725,685.72,341.43,0.9718,687.73,338.73,0.9081,682.98,338.74,0.9642,690.49,337.61,0.4922,676.82,337.01,0.8738,691.67,347.15,0.9925,667.25,346.21,0.9976,703.42,362.07,0.9548,656.18,358.78,0.99,717.96,375.17,0.9368,659.11,364.14,0.9782,686.04,378.8,0.9912,670.3,379.39,0.9953,694.08,401.85,0.9468,676.89,402.9,0.9691,698.5,421.85,0.8282,680.35,423.73,0.879
Moguls_Frauen_Final_1_09,324,13,658.58,321.9,726.2,421.05,0.5645,683.99,343.13,0.9262,686.28,340.1,0.8406,680.89,340.26,0.9086,689.49,338.61,0.4662,675.03,338.49,0.7541,693.96,348.75,0.9837,666.69,347.73,0.9925,704.71,365.27,0.9284,659.37,360.91,0.974,719.52,377.35,0.8982,662.61,361.74,0.9493,687.95,380.01,0.9847,670.69,380.0,0.9901,692.97,395.9,0.935,671.31,395.91,0.9548,695.3,409.57,0.8354,672.83,409.82,0.8718
Moguls_Frauen_Final_1_09,325,13,647.44,322.94,718.76,430.45,0.5498,684.22,342.58,0.9292,686.15,339.53,0.8306,680.94,339.9,0.9093,689.02,337.61,0.4411,674.66,338.37,0.7659,693.67,346.13,0.9742,667.51,347.28,0.99,699.89,358.9,0.8557,658.02,360.3,0.9561,693.41,362.25,0.8169,658.81,363.02,0.9184,689.35,379.41,0.9734,672.38,380.12,0.9833,692.66,401.81,0.9098,672.46,402.36,0.9382,689.99,421.43,0.7791,673.21,422.45,0.8296
Moguls_Frauen_Final_1_09,326,13,641.44,320.65,716.98,438.33,0.7266,684.84,335.89,0.913,686.71,332.81,0.7763,681.64,333.09,0.8982,689.21,332.25,0.3703,674.82,332.71,0.7822,693.44,343.86,0.9761,665.8,344.63,0.9924,698.78,359.35,0.8747,655.55,360.07,0.9721,689.89,359.26,0.8426,659.22,359.47,0.944,687.1,382.68,0.9831,669.02,383.23,0.9905,689.04,408.6,0.9375,668.96,409.25,0.9615,682.3,429.97,0.8214,666.26,431.37,0.8726
Moguls_Frauen_Final_1_09,328,13,648.91,309.08,729.88,434.31,0.5405,682.5,326.1,0.9611,684.43,323.26,0.8905,679.15,323.24,0.9187,687.5,321.06,0.6525,672.34,321.58,0.7627,693.17,329.5,0.9898,664.58,333.45,0.9892,707.76,330.72,0.9606,653.42,349.59,0.9583,722.76,327.04,0.929,655.07,361.34,0.9273,685.73,366.31,0.9908,667.69,367.04,0.9901,686.23,397.53,0.9689,665.86,394.34,0.968,679.65,418.55,0.8961,659.58,411.27,0.8942
Moguls_Frauen_Final_1_09,329,13,651.35,302.98,729.54,422.0,0.7353,681.09,321.03,0.937,682.63,318.25,0.8287,677.94,318.34,0.8668,685.27,316.05,0.5842,671.47,316.93,0.6924,691.76,323.94,0.9882,663.31,328.64,0.9865,708.01,327.01,0.9615,653.41,345.91,0.9563,721.79,324.35,0.9312,655.71,353.26,0.9269,683.63,360.56,0.9927,665.78,361.82,0.9919,686.28,388.29,0.9782,666.77,387.23,0.9773,676.67,406.86,0.9321,658.94,403.01,0.93
Moguls_Frauen_Final_1_09,330,13,634.69,298.08,721.63,435.03,0.7111,679.19,318.94,0.9534,681.19,315.82,0.847,675.86,315.97,0.9208,684.15,313.9,0.5471,669.85,314.57,0.804,689.48,324.18,0.9816,663.35,326.94,0.9922,698.88,330.4,0.9236,652.64,343.67,0.9748,700.06,324.84,0.8897,652.02,351.9,0.9524,680.48,364.24,0.991,663.1,364.34,0.9938,681.28,396.93,0.9779,661.67,395.78,0.9861,669.15,420.67,0.936,649.39,419.37,0.9533
Moguls_Frauen_Final_1_09,331,13,628.51,296.59,717.64,440.5,0.7639,678.09,318.54,0.9585,679.8,315.57,0.8577,674.59,315.64,0.9308,682.82,313.46,0.5591,668.38,314.31,0.8165,688.63,323.68,0.9845,661.89,326.89,0.9927,698.09,330.4,0.9292,650.36,344.75,0.9752,700.63,327.3,0.8857,650.13,352.13,0.9484,679.31,365.13,0.9926,661.92,365.16,0.9949,679.07,399.56,0.9809,659.63,397.88,0.9875,662.99,425.12,0.9433,644.08,422.66,0.9564
Moguls_Frauen_Final_1_09,332,13,626.41,298.3,713.86,442.18,0.7946,675.06,321.53,0.9665,677.45,318.62,0.9003,671.81,318.68,0.9339,681.91,316.84,0.6722,666.99,317.51,0.7929,687.71,327.14,0.9891,661.13,330.67,0.9927,696.68,335.34,0.9519,649.28,349.99,0.9732,698.44,332.32,0.9168,652.01,357.36,0.9465,679.5,367.79,0.9936,661.83,368.34,0.9947,678.76,402.21,0.9806,657.28,402.82,0.9848,665.28,427.56,0.9341,642.91,428.57,0.943
Moguls_Frauen_Final_1_09,333,13,626.8,301.95,711.73,442.66,0.7211,675.14,325.24,0.9638,677.17,322.4,0.8948,671.9,322.54,0.9264,681.02,320.99,0.6592,666.58,321.69,0.7724,686.43,332.1,0.9888,661.25,333.43,0.991,697.53,341.77,0.9547,649.34,349.28,0.9682,700.97,340.4,0.922,649.94,360.91,0.9405,678.58,370.25,0.9925,661.76,370.22,0.9933,677.82,402.79,0.976,657.05,403.86,0.9793,668.1,426.27,0.9173,642.94,428.22,0.9237
Moguls_Frauen_Final_1_09,334,13,630.63,306.95,710.36,441.1,0.7996,675.89,328.78,0.9644,677.82,326.08,0.8938,672.72,326.04,0.9308,681.09,325.59,0.6524,667.1,325.9,0.7936,687.07,338.28,0.9875,660.63,339.17,0.9909,697.59,349.22,0.947,649.55,356.02,0.9662,696.29,347.71,0.9125,648.05,368.31,0.9375,678.32,376.26,0.988,661.18,375.71,0.9897,677.12,407.72,0.9572,659.06,406.26,0.9641,668.44,429.72,0.8552,649.34,427.7,0.8688
Moguls_Frauen_Final_1_09,335,13,632.16,310.7,708.41,439.25,0.7144,677.47,333.82,0.9608,679.16,331.06,0.872,674.22,330.99,0.9328,682.1,329.8,0.5972,668.12,330.19,0.8197,687.76,341.33,0.9845,661.68,342.65,0.9921,698.69,352.45,0.9315,649.42,360.39,0.9723,699.73,351.83,0.8953,642.07,374.55,0.9464,680.11,375.29,0.9861,663.79,375.03,0.99,682.44,403.97,0.956,666.45,401.62,0.9691,672.67,425.69,0.8645,658.03,422.65,0.8906
Moguls_Frauen_Final_1_09,336,13,638.48,314.77,709.17,436.39,0.5322,677.63,333.18,0.8932,679.35,330.84,0.763,675.21,330.63,0.8412,681.98,330.94,0.4455,670.54,330.24,0.6617,688.26,341.91,0.9811,663.17,341.44,0.9904,697.72,354.24,0.9155,654.62,354.45,0.9662,696.3,349.9,0.8832,656.67,352.72,0.939,683.26,376.5,0.986,667.06,376.53,0.9906,689.74,396.49,0.9501,671.77,396.58,0.964,684.09,419.66,0.8618,666.55,419.67,0.8884
Moguls_Frauen_Final_1_09,337,13,643.69,315.72,708.5,428.06,0.2781,680.9,332.83,0.9123,682.82,330.37,0.8257,678.29,330.16,0.8671,685.68,330.32,0.5418,673.02,329.62,0.6706,693.37,341.55,0.9838,665.1,340.31,0.9905,702.71,355.16,0.9205,655.95,351.85,0.9598,695.32,351.74,0.8795,657.72,348.4,0.9257,688.49,374.67,0.982,669.45,374.19,0.9869,695.95,386.69,0.9339,667.36,386.08,0.9473,694.84,406.9,0.8373,664.57,406.1,0.858
Moguls_Frauen_Final_1_09,338,13,636.9,313.7,705.44,428.8,0.6831,686.07,331.41,0.9259,687.32,328.7,0.7791,683.38,328.62,0.8793,688.57,327.79,0.4836,676.5,327.54,0.7551,696.11,340.19,0.9739,667.46,336.22,0.9873,706.78,353.23,0.9174,649.55,341.01,0.9673,695.85,348.87,0.8878,636.64,342.67,0.9459,693.2,378.43,0.9789,674.77,376.7,0.9854,694.55,406.59,0.9135,675.0,403.97,0.9387,698.96,422.24,0.7294,678.0,418.91,0.7753
Moguls_Frauen_Final_1_09,339,13,633.42,309.07,716.47,448.28,0.6008,686.19,326.58,0.9658,688.7,323.49,0.8815,682.63,323.62,0.9382,692.55,321.64,0.5743,675.45,321.51,0.8056,700.06,336.01,0.9831,667.65,331.52,0.9922,711.43,349.79,0.9262,651.93,334.61,0.9723,705.72,344.19,0.89,640.23,334.04,0.949,699.19,381.75,0.9874,678.52,380.25,0.9913,700.78,419.61,0.9647,680.18,416.87,0.9762,708.86,444.74,0.8922,688.32,442.43,0.9173
Moguls_Frauen_Final_1_09,340,13,648.7,303.64,718.28,419.48,0.6484,689.67,318.72,0.9455,691.59,316.13,0.8893,686.91,316.06,0.918,694.37,315.26,0.6053,681.21,314.74,0.7476,699.61,324.96,0.9895,673.87,323.42,0.9945,710.08,338.47,0.9496,663.82,332.9,0.9755,709.55,341.7,0.9239,662.51,330.86,0.9536,695.11,354.86,0.9852,678.66,354.54,0.9897,699.62,370.26,0.923,680.89,370.07,0.9396,701.64,387.01,0.7829,684.92,387.02,0.8118
Moguls_Frauen_Final_1_09,341,13,652.27,298.37,721.46,411.93,0.7464,689.64,315.39,0.9624,692.27,312.77,0.9215,686.98,312.41,0.939,696.24,311.52,0.6412,682.28,310.43,0.7499,701.89,322.13,0.9927,675.32,319.83,0.997,713.46,335.13,0.9677,664.24,328.61,0.9884,716.81,337.89,0.9535,657.71,327.28,0.977,696.54,357.21,0.9944,679.46,356.57,0.9966,705.35,380.32,0.9742,684.16,379.52,0.982,710.89,398.25,0.9118,685.98,397.0,0.9306
Moguls_Frauen_Final_1_09,342,13,652.68,296.34,725.7,414.27,0.7506,694.39,316.17,0.9632,696.85,313.43,0.9148,691.52,313.0,0.9465,700.09,311.92,0.5817,685.34,310.49,0.7834,704.77,322.43,0.9929,676.41,320.13,0.9974,716.53,336.72,0.9679,663.99,331.47,0.9897,722.01,339.45,0.9541,656.41,331.79,0.9789,699.19,358.66,0.9955,680.99,358.15,0.9973,707.4,383.27,0.9798,684.51,382.75,0.9862,715.17,403.61,0.9312,687.95,402.95,0.9467
Moguls_Frauen_Final_1_09,343,13,654.55,296.3,730.56,417.53,0.7904,695.73,316.59,0.9567,698.12,313.87,0.906,693.11,313.59,0.9333,701.4,312.85,0.5712,687.35,311.98,0.736,706.15,323.64,0.9928,678.64,323.36,0.9971,718.56,336.42,0.9771,667.95,335.91,0.9909,725.73,341.59,0.9683,660.64,339.19,0.9826,703.87,362.26,0.9968,686.12,362.92,0.998,712.17,389.54,0.9867,689.82,390.16,0.9903,720.64,411.08,0.9508,692.76,411.84,0.9603
Moguls_Frauen_Final_1_09,344,13,656.37,299.77,739.11,431.89,0.7804,696.63,322.75,0.9483,699.57,319.57,0.8777,694.31,319.83,0.8769,704.07,318.26,0.7111,690.29,318.27,0.7021,709.99,331.51,0.9922,681.95,330.27,0.9903,724.53,348.16,0.9715,669.65,343.58,0.9625,731.04,351.74,0.9463,664.9,349.37,0.9364,705.15,369.49,0.9954,687.68,369.93,0.9948,712.18,398.79,0.9863,692.96,399.16,0.9855,725.21,424.1,0.9498,704.7,424.3,0.9496
Moguls_Frauen_Final_1_09,345,13,659.07,306.31,745.24,444.53,0.7582,700.29,328.13,0.9665,703.14,325.29,0.9082,697.55,325.37,0.9223,706.65,325.38,0.7135,692.36,325.39,0.7675,712.52,339.31,0.9914,683.88,340.21,0.9924,726.65,351.9,0.9631,672.77,353.14,0.9655,735.18,359.61,0.9321,667.89,356.12,0.9374,709.25,378.57,0.9931,691.14,379.35,0.993,716.36,410.34,0.9814,696.05,408.15,0.9823,726.95,435.62,0.9426,706.94,430.86,0.9465
Moguls_Frauen_Final_1_09,346,13,659.55,315.7,749.56,460.47,0.827,701.74,341.3,0.966,704.81,337.77,0.9025,698.63,338.29,0.9292,709.32,336.39,0.6905,693.18,336.98,0.7967,715.23,350.42,0.9902,685.6,350.97,0.9931,729.47,366.57,0.9562,673.74,366.09,0.971,739.34,376.98,0.9218,665.8,376.5,0.9444,713.46,391.72,0.9923,694.92,392.85,0.9932,719.97,423.41,0.9751,700.31,422.61,0.9796,732.84,452.19,0.9129,713.54,449.5,0.9261
Moguls_Frauen_Final_1_09,347,13,662.68,325.19,747.58,459.93,0.7311,703.78,348.71,0.9683,706.78,345.37,0.8788,700.71,345.99,0.9492,710.36,345.32,0.577,694.29,345.95,0.8605,714.95,359.9,0.983,686.2,361.16,0.9953,729.61,376.77,0.9148,674.95,378.03,0.9824,740.31,390.95,0.8785,664.1,390.44,0.9622,712.59,395.43,0.9874,694.34,396.71,0.9929,717.78,414.58,0.9708,696.35,413.94,0.9845,731.18,446.02,0.9262,711.49,444.63,0.9526
Moguls_Frauen_Final_1_09,348,13,667.09,335.48,741.03,454.5,0.5359,704.32,359.16,0.941,706.84,356.14,0.869,701.09,356.53,0.9273,710.68,355.43,0.5273,695.53,356.33,0.7964,716.67,365.93,0.9827,689.0,367.1,0.9939,725.1,379.42,0.8804,680.25,379.58,0.9686,723.26,382.79,0.8385,678.72,380.0,0.9363,713.15,396.71,0.9857,695.49,397.49,0.9918,719.65,414.53,0.9623,697.98,414.99,0.9762,722.18,436.09,0.921,703.51,436.69,0.9428
Moguls_Frauen_Final_1_09,349,13,666.15,343.95,738.77,463.01,0.5611,704.31,368.79,0.9515,706.5,365.93,0.8808,701.17,365.87,0.9372,709.85,363.96,0.5133,695.43,363.56,0.8018,715.67,373.05,0.987,688.09,373.12,0.9957,725.01,385.55,0.9213,678.63,386.61,0.9819,725.46,384.47,0.8927,676.38,387.85,0.9619,713.21,409.11,0.9892,695.52,409.54,0.9941,718.03,434.8,0.9542,697.48,435.06,0.9724,719.21,456.04,0.862,698.18,456.23,0.9014
Moguls_Frauen_Final_1_09,350,13,667.73,349.24,738.47,465.32,0.293,703.82,371.85,0.9354,706.05,368.97,0.8592,700.92,368.91,0.9208,709.39,366.62,0.4818,695.67,366.22,0.7596,715.74,375.08,0.9823,687.31,375.58,0.994,726.91,385.33,0.9172,676.32,388.1,0.9803,732.56,384.79,0.8875,671.32,390.54,0.9587,712.58,411.38,0.9837,694.18,411.88,0.9911,717.78,432.45,0.9208,692.06,432.75,0.9512,718.71,450.71,0.7767,689.1,451.05,0.8359
Moguls_Frauen_Final_1_09,351,13,668.06,351.1,741.27,471.24,0.6198,704.37,367.6,0.9474,706.38,365.03,0.8254,701.75,365.17,0.9153,708.97,364.68,0.5302,695.87,364.75,0.7967,714.76,375.56,0.9783,687.14,375.95,0.9911,728.41,386.29,0.9201,673.74,386.1,0.9754,735.72,391.75,0.8837,671.4,389.18,0.9522,711.76,412.35,0.9864,693.41,413.09,0.9913,714.43,437.63,0.9566,689.51,440.09,0.9724,714.07,459.9,0.8676,686.95,464.02,0.8982
Moguls_Frauen_Final_1_09,352,13,660.16,352.1,741.68,486.59,0.7137,701.34,372.09,0.9597,704.03,369.08,0.8809,698.75,369.33,0.9246,708.3,366.97,0.6313,693.75,367.27,0.7698,714.04,376.48,0.9838,685.88,378.06,0.991,727.91,389.58,0.9425,671.49,390.6,0.9732,732.39,398.5,0.9088,666.99,392.76,0.949,710.23,416.2,0.9897,690.84,417.49,0.9923,713.01,444.68,0.9641,682.99,450.02,0.9735,713.12,469.91,0.8761,677.95,478.6,0.895
