video,frame,track_id,bbox_x1,bbox_y1,bbox_x2,bbox_y2,bbox_conf,nose_x,nose_y,nose_conf,left_eye_x,left_eye_y,left_eye_conf,right_eye_x,right_eye_y,right_eye_conf,left_ear_x,left_ear_y,left_ear_conf,right_ear_x,right_ear_y,right_ear_conf,left_shoulder_x,left_shoulder_y,left_shoulder_conf,right_shoulder_x,right_shoulder_y,right_shoulder_conf,left_elbow_x,left_elbow_y,left_elbow_conf,right_elbow_x,right_elbow_y,right_elbow_conf,left_wrist_x,left_wrist_y,left_wrist_conf,right_wrist_x,right_wrist_y,right_wrist_conf,left_hip_x,left_hip_y,left_hip_conf,right_hip_x,right_hip_y,right_hip_conf,left_knee_x,left_knee_y,left_knee_conf,right_knee_x,right_knee_y,right_knee_conf,left_ankle_x,left_ankle_y,left_ankle_conf,right_ankle_x,right_ankle_y,right_ankle_conf
Moguls_Frauen_Final_1_15,0,1,585.95,220.22,659.66,335.71,0.8426,629.15,245.6,0.8903,630.47,242.65,0.6199,626.55,242.89,0.855,631.19,238.48,0.2926,619.69,238.67,0.7658,631.72,247.73,0.9507,610.1,244.8,0.9875,639.08,258.01,0.8533,595.56,248.16,0.974,643.71,260.99,0.8341,593.51,257.08,0.9563,629.29,285.54,0.9787,616.64,286.76,0.989,641.33,297.74,0.9557,634.88,302.61,0.9783,640.67,315.24,0.913,639.52,324.79,0.9446
Moguls_Frauen_Final_1_15,1,1,588.95,217.23,665.9,337.8,0.8097,629.56,247.8,0.9656,632.7,244.24,0.8932,625.86,244.5,0.9353,637.61,240.5,0.6063,619.05,240.88,0.7832,640.79,252.71,0.9825,612.09,251.59,0.99,651.28,263.96,0.9305,598.2,258.84,0.965,647.04,258.68,0.9061,596.79,260.47,0.9464,639.1,292.42,0.9795,621.63,294.0,0.9839,649.34,306.21,0.9404,637.5,311.66,0.9558,650.12,319.73,0.8529,646.13,329.1,0.8781
Moguls_Frauen_Final_1_15,2,1,592.04,215.33,671.57,340.05,0.7165,633.48,229.13,0.9174,635.94,226.7,0.8123,631.35,226.23,0.8844,638.72,227.28,0.4514,625.64,225.73,0.7089,641.62,238.96,0.9866,616.07,237.76,0.9944,650.34,252.48,0.9514,604.09,250.47,0.9823,652.8,257.37,0.9357,601.97,256.13,0.9675,639.98,274.36,0.9953,624.06,274.77,0.997,644.64,299.4,0.9872,630.85,299.74,0.9906,652.91,320.9,0.9638,641.52,321.2,0.9703
Moguls_Frauen_Final_1_15,3,1,593.86,214.13,675.2,342.02,0.6881,635.92,230.5,0.9311,638.13,227.88,0.8201,633.69,227.53,0.9046,640.64,228.12,0.4149,627.34,226.91,0.7539,642.65,240.01,0.9884,618.23,240.08,0.9959,653.05,253.08,0.9586,608.03,254.65,0.9878,654.81,255.03,0.9492,605.37,258.93,0.9776,642.78,278.57,0.996,628.14,279.75,0.9977,642.77,305.13,0.9878,635.42,306.4,0.9916,652.63,325.94,0.9599,649.94,327.67,0.9689
Moguls_Frauen_Final_1_15,4,1,597.94,215.86,679.54,344.32,0.6828,636.52,238.03,0.9358,638.95,235.29,0.8078,634.45,235.21,0.8806,641.24,233.74,0.5576,628.95,232.72,0.7554,644.32,246.03,0.9844,620.3,243.63,0.9907,655.94,261.72,0.9443,608.39,254.56,0.9709,661.34,262.54,0.9114,607.85,263.26,0.9468,646.1,283.29,0.9912,631.04,284.5,0.9929,653.3,311.44,0.9738,639.81,315.25,0.9802,664.1,328.42,0.9168,651.48,334.79,0.9318
Moguls_Frauen_Final_1_15,5,1,601.02,218.97,675.76,336.69,0.3912,638.64,241.6,0.4759,638.81,239.02,0.2696,637.97,238.89,0.3493,634.3,237.24,0.2686,636.33,236.97,0.4141,633.74,244.21,0.9571,632.34,244.17,0.9758,637.92,257.06,0.9142,622.17,256.89,0.9532,649.43,263.15,0.8832,622.44,263.09,0.9182,636.05,274.06,0.9883,636.33,274.36,0.9913,641.05,295.72,0.9693,638.66,295.37,0.9747,645.73,312.18,0.917,641.72,311.76,0.9278
Moguls_Frauen_Final_1_15,6,1,605.49,221.8,673.95,328.76,0.4878,637.02,247.56,0.8563,638.84,244.66,0.7141,634.63,245.03,0.8034,642.37,241.57,0.3588,630.56,242.2,0.6096,645.36,247.47,0.9752,624.08,247.79,0.9912,654.18,259.96,0.9356,610.06,257.93,0.982,665.36,269.04,0.9227,611.6,260.46,0.9681,644.35,276.77,0.9878,631.8,277.7,0.993,645.49,296.53,0.95,636.33,297.49,0.9676,645.97,309.71,0.8453,639.08,310.99,0.8853
Moguls_Frauen_Final_1_15,23,5,582.6,216.83,669.13,309.51,0.5175,640.02,230.64,0.9547,643.14,228.54,0.8494,638.0,227.83,0.9329,646.18,229.06,0.5374,632.35,226.8,0.8257,645.68,240.4,0.9723,623.55,237.28,0.9915,653.19,252.01,0.887,608.06,245.19,0.9737,659.99,255.93,0.8581,595.78,249.4,0.9525,636.58,266.95,0.9736,622.78,266.38,0.9846,643.45,275.19,0.9359,627.77,275.3,0.9643,640.88,295.09,0.8612,629.53,298.17,0.9049
Moguls_Frauen_Final_1_15,24,5,585.8,213.5,681.28,315.96,0.474,644.84,230.29,0.9451,647.3,228.03,0.8414,642.2,227.28,0.9379,649.61,229.21,0.414,635.25,226.76,0.839,649.96,240.07,0.9867,623.46,237.23,0.995,660.19,250.76,0.9289,607.26,248.27,0.9816,672.93,254.45,0.9039,606.45,256.02,0.9624,639.35,268.7,0.9821,622.92,267.97,0.9893,647.32,274.91,0.9154,632.03,274.49,0.9456,642.53,294.86,0.7929,631.42,294.82,0.8432
Moguls_Frauen_Final_1_15,25,5,591.18,209.89,695.73,322.5,0.7847,644.32,233.68,0.9217,646.88,230.88,0.7907,641.9,230.29,0.8958,649.82,227.85,0.3505,636.43,225.92,0.7312,651.23,235.04,0.9865,624.26,233.97,0.9944,663.37,243.73,0.9603,611.25,245.95,0.9864,683.11,252.16,0.9523,608.69,257.38,0.9765,641.63,270.42,0.9943,625.46,271.1,0.9963,656.7,290.57,0.9788,646.76,291.45,0.9858,653.38,308.25,0.9327,646.68,309.11,0.9493
Moguls_Frauen_Final_1_15,26,5,598.66,206.42,710.13,327.14,0.8188,649.58,226.38,0.9328,651.77,222.93,0.7941,646.51,223.42,0.8839,653.05,221.27,0.5485,638.68,222.54,0.778,653.92,232.88,0.9874,627.19,237.34,0.9901,671.03,243.92,0.9531,616.97,255.6,0.9654,691.26,249.33,0.9217,616.33,264.51,0.9381,645.8,267.73,0.9928,629.67,271.26,0.9933,661.58,290.99,0.9811,645.25,294.72,0.9834,666.2,308.4,0.9429,653.0,311.92,0.9472
Moguls_Frauen_Final_1_15,27,5,601.71,204.77,720.34,334.54,0.7135,651.77,223.35,0.9229,653.22,220.31,0.7345,649.11,220.84,0.8641,653.49,219.38,0.4519,641.01,220.31,0.7609,655.69,231.1,0.985,631.21,232.72,0.9897,674.66,240.65,0.949,624.41,246.79,0.9693,694.61,245.94,0.9197,620.97,261.66,0.9452,649.71,264.59,0.9926,634.55,266.08,0.9936,656.36,290.2,0.9828,640.91,289.95,0.9858,669.36,316.51,0.9511,652.69,314.63,0.9569
Moguls_Frauen_Final_1_15,28,5,603.48,204.7,723.08,337.2,0.6919,650.24,220.93,0.9586,652.45,217.99,0.8382,647.4,218.37,0.9326,653.74,218.5,0.527,639.79,218.91,0.8436,656.26,232.73,0.9863,630.13,234.48,0.9932,674.75,240.83,0.9373,625.21,249.1,0.9749,693.68,242.91,0.9041,625.44,262.64,0.9513,651.19,269.53,0.9906,634.81,271.15,0.9931,659.48,289.5,0.9784,641.47,288.71,0.9848,674.04,318.35,0.9436,656.04,316.27,0.9553
Moguls_Frauen_Final_1_15,29,5,602.63,207.59,712.59,332.31,0.4688,648.44,228.87,0.8778,650.38,226.04,0.6255,646.12,226.05,0.8773,652.61,224.96,0.2048,639.85,224.77,0.811,652.24,233.5,0.9631,631.69,235.75,0.9914,659.69,246.56,0.8017,627.0,255.17,0.973,658.71,251.72,0.7873,630.0,268.28,0.946,649.74,266.8,0.9858,636.4,268.58,0.9934,651.74,289.62,0.9696,638.04,291.39,0.9848,661.71,310.86,0.9358,648.7,313.64,0.9612
Moguls_Frauen_Final_1_15,36,8,579.38,200.41,680.03,313.78,0.6925,626.72,221.1,0.9268,629.23,218.29,0.8269,623.81,218.05,0.8223,634.58,216.69,0.6325,619.35,216.25,0.599,641.68,228.91,0.9871,612.6,225.35,0.986,651.8,248.48,0.9639,599.67,240.05,0.961,662.37,264.15,0.9415,602.92,251.38,0.9385,630.48,260.8,0.9919,612.26,258.46,0.9913,624.59,280.35,0.9757,604.91,276.49,0.9754,612.57,304.02,0.926,595.44,298.33,0.9265
Moguls_Frauen_Final_1_15,37,8,567.93,200.02,675.91,322.13,0.4612,625.26,224.44,0.9433,628.3,221.72,0.8763,622.45,220.94,0.8645,634.77,218.98,0.7051,618.26,217.49,0.6388,639.45,229.05,0.9889,614.76,224.08,0.9883,646.52,246.39,0.965,598.71,234.23,0.9654,652.65,262.33,0.9389,593.04,239.78,0.9425,629.46,257.52,0.9945,613.64,254.33,0.9944,624.71,284.63,0.9849,605.18,281.99,0.9855,606.52,309.25,0.9483,588.19,307.53,0.9504
Moguls_Frauen_Final_1_15,38,8,553.42,199.4,669.19,331.25,0.799,628.54,226.35,0.9365,630.94,223.76,0.8242,625.64,222.59,0.8822,634.86,220.83,0.5642,618.98,218.42,0.7257,637.52,230.72,0.9838,613.09,224.81,0.9902,643.38,245.74,0.9452,595.82,233.48,0.9739,646.21,261.56,0.9119,589.44,243.05,0.9521,625.86,261.65,0.9944,610.29,257.93,0.9956,619.9,292.17,0.9852,601.8,288.92,0.9891,596.81,315.53,0.953,581.19,313.43,0.9616
Moguls_Frauen_Final_1_15,39,8,548.35,200.71,663.05,332.8,0.6631,627.46,227.36,0.9285,630.21,224.77,0.7836,624.96,223.76,0.8991,634.06,222.41,0.4664,618.67,219.9,0.7729,635.43,231.87,0.9644,611.82,226.91,0.9894,639.22,245.81,0.878,594.89,236.14,0.9752,638.18,257.05,0.8353,584.14,248.57,0.9498,624.87,263.12,0.9869,608.91,260.26,0.9929,621.1,291.32,0.9662,597.34,290.45,0.9822,605.21,314.89,0.9089,580.53,318.08,0.9386
Moguls_Frauen_Final_1_15,40,8,548.66,204.4,653.83,326.79,0.7729,624.86,232.21,0.9388,628.23,229.57,0.8266,622.32,228.8,0.9045,633.43,226.31,0.5263,617.01,224.41,0.7451,632.83,234.36,0.965,610.25,230.83,0.9868,634.17,247.4,0.8803,592.29,240.73,0.9649,632.59,258.54,0.8401,578.45,254.48,0.9345,617.08,264.87,0.9796,602.02,262.58,0.9873,614.11,287.37,0.9498,593.53,287.18,0.9692,599.31,307.26,0.8829,579.44,311.27,0.9129
Moguls_Frauen_Final_1_15,41,8,556.18,208.06,650.42,319.31,0.849,624.41,231.48,0.8648,627.23,229.17,0.6303,622.59,227.86,0.859,631.31,227.75,0.221,618.72,224.31,0.7487,630.62,235.46,0.962,609.63,230.62,0.9929,632.83,248.52,0.8375,591.83,243.44,0.9843,632.21,253.99,0.8322,581.64,261.93,0.9678,612.91,263.52,0.9898,599.64,260.87,0.9956,619.34,287.24,0.978,604.64,284.77,0.99,603.49,307.69,0.9476,587.6,305.14,0.971
Moguls_Frauen_Final_1_15,51,9,592.53,192.13,665.43,326.97,0.6809,629.35,207.45,0.8841,632.31,205.14,0.7193,627.34,204.34,0.8608,635.74,206.59,0.3169,622.52,204.32,0.7082,636.88,220.33,0.9713,614.59,217.46,0.9918,644.3,236.22,0.8948,605.09,230.89,0.9811,652.5,243.87,0.8762,600.5,237.11,0.9632,631.12,260.2,0.9906,617.36,259.5,0.9952,636.53,288.84,0.9709,624.62,288.02,0.9839,642.98,311.37,0.9165,628.96,310.2,0.9452
Moguls_Frauen_Final_1_15,52,9,596.66,193.43,662.83,315.23,0.536,629.37,210.12,0.9003,631.6,207.91,0.7426,627.45,207.48,0.8911,634.1,208.57,0.3275,622.3,207.01,0.7746,635.16,219.78,0.9761,613.03,218.04,0.9932,643.36,235.27,0.8959,603.27,232.72,0.9819,655.86,246.71,0.8693,601.94,242.69,0.9615,629.95,252.44,0.9904,615.96,252.19,0.9951,632.23,277.56,0.9706,615.26,277.29,0.9835,641.13,297.42,0.9263,620.25,297.39,0.9512
Moguls_Frauen_Final_1_15,53,9,601.34,194.68,661.82,304.88,0.5436,625.59,215.7,0.9305,628.3,212.76,0.8602,623.06,212.81,0.8966,632.7,211.2,0.5224,618.78,211.03,0.6906,635.55,221.3,0.9855,611.63,221.09,0.9931,645.43,235.67,0.9462,600.59,234.51,0.9767,660.46,251.66,0.9266,602.67,245.03,0.9569,631.32,257.48,0.9894,616.63,257.94,0.9929,635.09,280.47,0.9534,620.08,280.82,0.9651,636.41,296.51,0.8564,621.19,296.93,0.8833
Moguls_Frauen_Final_1_15,54,9,605.82,196.73,659.21,292.04,0.7665,624.94,213.72,0.9205,626.86,211.05,0.7943,622.26,211.31,0.9152,629.45,211.07,0.3858,617.13,211.33,0.8175,632.02,221.94,0.9822,609.18,222.99,0.9943,643.75,233.34,0.9099,599.75,237.97,0.9818,660.5,244.22,0.8829,605.55,250.44,0.9606,626.54,254.72,0.9857,612.43,255.43,0.9922,629.36,272.26,0.9357,613.88,272.84,0.9629,627.16,285.68,0.8339,613.05,286.89,0.8873
Moguls_Frauen_Final_1_15,55,9,602.3,192.97,660.89,295.94,0.786,618.98,213.78,0.8976,621.05,210.89,0.7908,616.33,211.26,0.8638,625.03,208.82,0.4332,612.04,209.58,0.6833,629.22,215.83,0.9844,605.19,218.65,0.9922,643.57,224.57,0.9424,596.76,235.3,0.9747,661.24,231.75,0.9232,600.38,249.33,0.9532,623.88,246.63,0.9915,609.29,247.96,0.9941,625.82,260.04,0.9741,610.11,261.17,0.9807,624.04,278.99,0.9353,609.78,280.7,0.9483
Moguls_Frauen_Final_1_15,56,9,599.13,189.53,658.57,292.03,0.595,614.58,211.8,0.8742,617.05,208.88,0.764,612.28,209.07,0.8311,622.07,205.92,0.4206,609.65,206.33,0.6264,627.27,211.53,0.9779,603.42,214.25,0.9904,640.89,216.63,0.9252,593.02,228.92,0.9739,657.39,216.29,0.9097,594.82,241.57,0.9539,622.07,242.1,0.99,608.3,243.21,0.9936,622.49,257.72,0.9728,611.77,258.38,0.9812,617.18,274.01,0.9325,610.95,274.65,0.949
Moguls_Frauen_Final_1_15,57,9,591.39,183.31,654.79,291.16,0.5224,612.03,202.48,0.8354,614.6,199.7,0.6942,609.8,199.65,0.7953,619.23,197.89,0.3572,606.97,197.68,0.6009,624.26,205.32,0.9693,599.97,207.23,0.989,636.26,211.63,0.9061,589.36,222.84,0.9757,648.6,211.4,0.8925,592.11,238.53,0.9561,619.47,238.43,0.9897,604.76,239.11,0.9941,619.29,259.1,0.974,604.45,259.18,0.9837,614.74,277.55,0.9367,602.16,277.49,0.9553
Moguls_Frauen_Final_1_15,58,9,585.24,176.38,655.51,294.46,0.6281,610.35,198.2,0.9576,613.05,195.48,0.8854,607.59,195.2,0.9037,617.26,193.66,0.6652,602.22,193.1,0.7328,622.5,201.25,0.9895,594.75,203.91,0.9906,637.22,205.39,0.9633,583.61,220.74,0.9678,652.16,204.78,0.9419,589.1,233.3,0.9478,616.49,232.93,0.9922,598.68,233.87,0.9921,618.54,253.06,0.9801,598.98,252.34,0.9817,611.29,281.11,0.9394,594.75,278.88,0.9443
Moguls_Frauen_Final_1_15,59,9,579.39,170.25,655.28,296.49,0.5372,607.77,197.52,0.9264,610.49,194.46,0.8126,604.6,194.2,0.8652,615.08,190.2,0.5652,598.14,189.87,0.6889,619.16,194.98,0.979,591.61,197.23,0.9853,632.96,200.28,0.9402,579.08,211.42,0.962,648.32,201.73,0.914,580.61,224.89,0.937,616.19,227.72,0.9895,598.65,229.11,0.991,614.4,254.98,0.9705,594.77,258.18,0.9753,604.51,276.99,0.9067,589.1,282.22,0.9151
Moguls_Frauen_Final_1_15,60,9,572.02,164.87,652.44,298.56,0.8415,601.31,184.07,0.9047,603.89,181.52,0.7745,598.56,181.36,0.8011,609.22,181.03,0.5938,594.67,181.02,0.6106,617.01,191.1,0.9828,589.21,193.28,0.9862,631.05,196.61,0.9535,575.86,208.02,0.9657,642.32,195.68,0.9258,576.13,224.78,0.9383,615.51,231.9,0.9937,597.5,232.71,0.9943,610.58,262.31,0.9796,590.44,264.13,0.9822,601.28,282.3,0.929,584.32,285.79,0.934
Moguls_Frauen_Final_1_15,61,9,564.65,160.62,648.75,301.16,0.8363,600.63,187.78,0.8968,602.34,184.92,0.732,597.56,184.87,0.8061,606.37,181.15,0.5099,592.19,181.68,0.6426,613.46,187.32,0.9801,587.13,190.24,0.9873,626.38,194.55,0.9469,574.97,207.15,0.9715,636.97,194.72,0.9191,574.44,223.7,0.9479,613.32,225.53,0.9947,596.39,226.76,0.9958,610.06,257.71,0.986,592.36,260.53,0.9892,595.39,281.74,0.9536,581.3,287.0,0.9602
Moguls_Frauen_Final_1_15,62,9,557.62,156.53,644.48,303.04,0.7979,597.31,185.47,0.9448,599.82,182.36,0.8627,593.82,182.17,0.8891,605.26,178.65,0.6415,588.51,178.87,0.6988,611.51,186.71,0.9844,585.34,188.4,0.9877,623.75,195.11,0.9455,573.42,204.15,0.9626,632.17,198.14,0.9117,571.89,220.22,0.9324,609.07,225.93,0.993,592.14,226.27,0.9939,604.8,260.02,0.9814,587.59,261.84,0.9842,589.28,285.24,0.9397,575.18,289.34,0.9451
Moguls_Frauen_Final_1_15,63,9,553.11,155.15,640.1,303.31,0.8022,594.82,184.13,0.943,597.61,180.89,0.8683,591.75,180.7,0.874,604.22,177.35,0.6837,588.27,177.23,0.6737,612.5,189.36,0.9869,585.46,187.53,0.9892,623.17,206.7,0.9526,572.73,203.0,0.966,622.3,219.71,0.9219,568.67,220.53,0.9401,604.8,228.88,0.9942,587.84,227.16,0.9948,600.54,262.56,0.984,583.54,262.16,0.9868,583.76,285.55,0.9479,569.71,287.2,0.9547
Moguls_Frauen_Final_1_15,64,9,551.38,154.92,636.77,301.86,0.7641,594.75,181.57,0.9526,597.83,178.57,0.8887,591.72,178.19,0.8905,604.2,176.13,0.714,587.64,175.56,0.6938,612.11,187.98,0.9895,583.81,187.04,0.9902,623.77,202.89,0.9616,572.61,203.87,0.9666,620.35,208.0,0.9352,566.31,222.38,0.9409,603.34,227.25,0.9942,585.27,225.64,0.9944,599.73,261.18,0.9815,579.78,259.7,0.9833,586.95,284.18,0.9337,569.35,284.33,0.9389
Moguls_Frauen_Final_1_15,65,9,554.5,155.2,627.82,280.4,0.7673,595.89,182.5,0.9581,598.43,179.37,0.9281,592.85,179.47,0.9163,603.84,176.19,0.6942,588.84,176.73,0.6492,611.57,183.85,0.9914,583.66,185.42,0.9952,621.75,197.3,0.9661,573.32,202.54,0.976,613.91,207.79,0.951,563.81,222.18,0.9577,604.68,217.35,0.9913,587.48,217.56,0.9932,603.42,242.23,0.9602,587.21,242.21,0.9637,596.16,262.81,0.8611,585.97,263.03,0.8716
Moguls_Frauen_Final_1_15,66,9,554.68,157.45,625.21,278.01,0.7081,597.75,180.03,0.9552,600.55,177.25,0.9117,594.86,177.06,0.9288,605.11,176.79,0.6366,590.07,176.39,0.7429,609.96,187.23,0.9906,583.43,186.94,0.9957,618.3,202.0,0.9482,571.93,201.97,0.9759,614.61,207.92,0.9242,563.91,211.74,0.953,601.13,216.64,0.9913,584.52,216.29,0.994,603.9,237.5,0.9698,586.77,237.13,0.9763,596.85,259.61,0.9166,583.9,259.48,0.9302
Moguls_Frauen_Final_1_15,67,9,551.04,159.4,621.58,279.94,0.6372,598.33,180.03,0.9673,601.34,177.62,0.8966,595.54,177.26,0.9422,605.6,177.78,0.6425,590.12,176.93,0.8201,608.74,190.2,0.9835,583.36,188.74,0.9934,614.43,202.73,0.9241,568.37,198.56,0.9756,612.03,206.16,0.8942,557.16,199.69,0.9553,601.74,219.02,0.9856,585.94,218.15,0.9906,604.56,241.36,0.9647,588.54,238.89,0.9777,600.85,265.93,0.9104,589.48,264.15,0.9346
Moguls_Frauen_Final_1_15,68,9,548.68,161.03,620.03,282.15,0.6834,600.67,183.1,0.9632,603.65,180.88,0.8839,597.92,179.83,0.941,607.62,180.55,0.5771,591.53,177.97,0.813,609.99,192.51,0.9752,583.26,185.96,0.9909,613.64,204.86,0.8937,565.26,188.88,0.9692,609.96,209.56,0.865,553.53,194.33,0.9478,602.96,220.89,0.9773,585.99,218.08,0.9858,609.76,236.78,0.951,590.47,230.88,0.9703,605.33,264.49,0.8955,589.87,258.95,0.926
Moguls_Frauen_Final_1_15,69,9,549.89,159.54,619.36,276.52,0.5823,600.95,181.51,0.9569,604.45,179.55,0.8775,598.74,178.45,0.9251,609.56,178.3,0.6066,593.45,175.25,0.7705,612.0,188.28,0.9764,584.58,180.86,0.9902,616.54,203.82,0.9083,566.1,184.65,0.9684,612.97,212.37,0.8796,554.87,194.21,0.9463,605.07,212.83,0.9802,587.83,210.21,0.9868,610.78,232.41,0.9526,591.6,229.01,0.9696,609.79,252.39,0.8953,595.24,251.7,0.923
Moguls_Frauen_Final_1_15,70,9,553.42,156.8,621.39,270.61,0.7639,604.59,182.16,0.9253,607.79,179.26,0.8446,601.84,178.4,0.8953,611.87,176.28,0.4825,596.18,173.67,0.6907,614.6,183.59,0.9836,587.28,178.17,0.9954,618.58,200.02,0.9392,570.68,185.93,0.9871,616.41,212.12,0.9251,560.89,194.73,0.9755,606.97,212.81,0.9916,590.07,210.7,0.9957,609.16,229.38,0.9736,591.07,227.05,0.9839,612.66,248.9,0.9277,597.57,245.97,0.9479
Moguls_Frauen_Final_1_15,71,9,556.56,153.35,626.51,270.85,0.8165,605.45,176.87,0.9341,608.3,173.96,0.8347,602.72,173.45,0.9146,611.89,171.48,0.4252,596.87,169.73,0.7631,613.47,179.58,0.9856,587.92,176.08,0.9964,619.65,194.42,0.9392,572.66,184.73,0.9896,622.89,208.63,0.9271,568.18,194.18,0.9793,607.89,212.21,0.9937,592.19,211.34,0.997,611.39,232.52,0.9793,597.05,231.56,0.9885,615.92,252.87,0.9404,604.66,251.79,0.9601
Moguls_Frauen_Final_1_15,72,9,559.93,150.79,631.8,271.92,0.8662,605.36,174.16,0.9525,608.41,171.58,0.845,603.23,171.08,0.9218,611.76,169.64,0.5604,597.22,167.68,0.8123,614.16,180.46,0.9818,586.08,177.04,0.9929,620.96,194.47,0.9262,570.98,185.65,0.9771,624.35,205.52,0.895,571.47,194.76,0.9574,609.76,212.7,0.9889,592.34,212.61,0.9927,615.44,232.48,0.9732,598.41,232.33,0.9834,619.19,256.44,0.9296,608.31,257.4,0.9496
Moguls_Frauen_Final_1_15,73,9,561.26,147.93,635.23,273.72,0.8277,606.21,169.48,0.9225,608.62,166.74,0.7649,603.89,166.47,0.9173,611.38,166.05,0.301,597.68,164.92,0.8193,612.11,176.24,0.9827,585.85,175.92,0.996,618.12,191.61,0.9267,571.94,191.77,0.9903,623.8,200.39,0.9137,576.53,200.99,0.9796,609.24,212.47,0.9948,592.61,213.54,0.9976,615.17,237.56,0.9846,599.84,238.76,0.992,618.95,258.95,0.9581,605.64,260.6,0.9738
Moguls_Frauen_Final_1_15,74,9,562.99,146.02,637.39,273.66,0.7952,606.1,168.09,0.8825,608.45,165.23,0.6896,603.88,164.7,0.8463,611.3,163.57,0.2872,597.83,161.78,0.6902,612.52,173.55,0.9793,585.91,173.08,0.9927,618.63,189.24,0.9435,575.41,192.76,0.9852,626.11,195.5,0.9329,583.98,205.97,0.973,610.38,214.66,0.9917,593.21,215.71,0.9952,617.8,241.74,0.9675,602.17,242.75,0.9794,623.36,260.79,0.8868,608.26,261.76,0.9164
Moguls_Frauen_Final_1_15,75,9,564.63,145.03,642.93,280.61,0.7543,605.29,167.55,0.9484,608.63,165.26,0.8436,603.29,164.56,0.8948,611.73,164.08,0.5982,597.25,161.88,0.7482,613.29,175.49,0.9879,585.25,173.84,0.9922,622.45,192.52,0.9567,574.46,190.64,0.973,626.66,197.74,0.9305,580.64,199.34,0.9519,609.09,212.5,0.9942,591.26,213.58,0.995,616.39,243.33,0.9861,599.28,246.43,0.9887,622.82,265.3,0.9598,610.83,271.57,0.9654
Moguls_Frauen_Final_1_15,76,9,564.25,144.82,646.18,288.33,0.7875,603.48,166.35,0.9497,607.04,163.91,0.8585,601.28,163.31,0.887,611.02,163.36,0.6493,595.84,161.42,0.7247,613.19,176.57,0.9905,584.27,173.87,0.9921,621.46,194.62,0.9663,574.45,190.41,0.9707,627.59,198.91,0.941,582.29,197.95,0.9475,607.91,214.98,0.9954,589.19,215.26,0.9955,615.59,248.61,0.9887,596.41,248.28,0.9895,626.04,273.23,0.9649,610.18,273.63,0.9674
Moguls_Frauen_Final_1_15,77,9,563.3,146.85,642.46,286.37,0.8006,602.99,173.57,0.9559,605.93,171.25,0.862,600.63,170.52,0.9149,609.05,168.61,0.5956,594.54,166.59,0.7763,611.36,178.52,0.9859,584.13,176.15,0.9919,620.26,193.8,0.9461,572.47,190.08,0.9722,629.36,201.75,0.9181,577.53,198.33,0.9511,606.59,215.04,0.991,589.54,215.26,0.9928,611.97,246.39,0.9761,595.88,247.12,0.9819,611.57,268.14,0.9307,600.03,270.44,0.9427
Moguls_Frauen_Final_1_15,78,9,564.07,149.87,638.46,279.64,0.7049,602.31,173.09,0.9607,605.13,170.37,0.8752,599.83,170.21,0.9313,608.24,169.69,0.615,593.91,168.7,0.8179,610.56,182.48,0.985,584.91,179.93,0.9926,619.65,198.74,0.937,570.04,190.71,0.9745,630.12,210.2,0.9037,572.01,196.13,0.9528,606.59,215.15,0.9875,590.1,215.43,0.9908,612.2,241.01,0.9606,593.26,242.48,0.9727,614.71,262.44,0.879,595.61,264.41,0.9046
Moguls_Frauen_Final_1_15,79,9,564.34,154.52,636.67,278.95,0.8098,600.43,183.32,0.9614,603.83,180.7,0.8798,597.87,180.18,0.9311,608.11,178.23,0.6094,592.03,176.49,0.8005,610.14,188.39,0.9819,581.79,185.94,0.9917,618.71,205.75,0.9277,567.69,198.64,0.9725,630.08,220.3,0.9009,575.57,203.44,0.9527,604.8,219.29,0.9824,587.28,219.95,0.9875,609.72,241.31,0.9484,592.89,243.92,0.9649,606.42,262.11,0.8629,596.41,266.49,0.8927
Moguls_Frauen_Final_1_15,80,9,565.85,159.65,635.56,275.57,0.591,598.11,181.5,0.9468,601.02,178.55,0.8364,595.27,178.58,0.9085,604.92,178.13,0.5632,590.13,177.62,0.776,607.76,192.93,0.9753,581.12,188.51,0.9889,617.42,213.43,0.9072,566.29,202.14,0.9655,631.95,216.33,0.8746,572.74,206.29,0.94,601.52,225.07,0.9666,585.32,224.67,0.9765,604.39,249.68,0.8807,592.17,249.88,0.9171,605.81,267.66,0.6866,596.68,268.31,0.7425
Moguls_Frauen_Final_1_15,81,9,565.04,165.44,633.9,275.57,0.4494,594.94,192.06,0.9165,597.1,189.18,0.7863,592.55,189.29,0.8418,600.65,186.66,0.5501,587.42,186.52,0.6765,606.44,195.33,0.9793,579.18,193.33,0.985,619.8,205.31,0.9438,565.15,201.67,0.9631,633.15,205.0,0.919,562.64,208.26,0.941,601.65,225.92,0.9861,584.18,225.5,0.9879,602.45,246.37,0.9566,581.04,245.31,0.9635,606.7,267.44,0.8644,583.47,265.82,0.8792
Moguls_Frauen_Final_1_15,82,9,561.91,169.05,634.01,281.31,0.4748,591.13,191.59,0.9178,593.9,188.93,0.7628,588.68,188.91,0.8574,598.11,186.96,0.5032,583.71,186.61,0.7125,603.29,194.72,0.9743,573.43,196.75,0.9881,616.17,202.78,0.9238,558.97,212.35,0.9708,630.88,204.12,0.8951,564.95,220.36,0.9488,599.76,227.79,0.9846,580.95,229.82,0.9891,603.55,250.79,0.9531,582.58,254.33,0.9682,600.36,269.83,0.8685,584.25,275.18,0.8963
Moguls_Frauen_Final_1_15,83,9,557.78,169.47,633.13,284.56,0.6194,588.26,193.13,0.9506,591.13,190.65,0.8455,585.93,190.54,0.9099,595.46,187.89,0.5811,580.99,187.27,0.7699,600.36,194.44,0.9836,571.42,196.06,0.9922,614.95,203.26,0.9417,557.56,212.37,0.9774,629.15,207.4,0.917,561.88,225.15,0.9587,595.6,224.72,0.9901,577.57,226.34,0.9929,597.28,241.88,0.9741,576.97,245.17,0.9824,594.99,265.69,0.9311,579.58,271.27,0.9463
Moguls_Frauen_Final_1_15,84,9,541.11,167.98,624.1,299.39,0.4554,584.61,193.67,0.8386,587.27,190.28,0.685,581.78,190.58,0.7957,592.31,187.26,0.3321,577.3,187.78,0.6052,598.54,195.83,0.9567,568.17,196.6,0.9855,601.77,212.66,0.8454,554.91,214.13,0.9615,597.94,222.81,0.8206,560.76,226.98,0.9306,593.17,233.34,0.9831,574.06,233.71,0.9904,592.1,259.16,0.9586,572.18,259.15,0.9736,585.44,283.23,0.894,573.2,283.22,0.9239
Moguls_Frauen_Final_1_15,85,9,532.81,167.11,619.46,309.68,0.5432,581.81,195.97,0.9072,584.63,192.17,0.7847,578.31,192.48,0.8935,589.8,187.53,0.3387,573.32,188.07,0.7291,595.18,194.7,0.9621,565.62,196.22,0.9916,601.88,207.99,0.8276,553.85,212.79,0.9755,602.77,220.19,0.8214,555.23,229.81,0.954,590.6,233.21,0.9868,572.46,233.96,0.9941,585.32,260.9,0.9733,568.73,261.3,0.9863,577.36,285.19,0.9374,566.93,285.88,0.9618
Moguls_Frauen_Final_1_15,86,9,538.01,167.45,623.09,307.26,0.8496,577.92,193.36,0.9459,581.13,190.23,0.8785,574.9,189.95,0.8685,587.38,187.24,0.7179,570.57,187.04,0.6551,593.64,196.18,0.9908,564.92,199.02,0.9894,605.25,205.08,0.9712,551.96,217.78,0.9652,617.66,208.66,0.9483,553.84,232.2,0.9387,589.22,237.5,0.9956,570.7,238.35,0.9952,585.1,266.66,0.9858,562.83,267.3,0.985,574.81,288.29,0.948,556.16,288.75,0.9461
Moguls_Frauen_Final_1_15,87,9,536.66,168.25,621.74,308.56,0.849,575.38,193.91,0.9438,578.62,190.94,0.875,572.33,190.45,0.8687,584.51,189.58,0.703,567.77,188.82,0.6525,590.81,201.76,0.9884,563.79,202.21,0.9873,604.6,209.15,0.9618,551.51,215.84,0.9578,613.37,209.82,0.9355,548.62,230.18,0.9279,585.73,245.27,0.9934,568.45,244.65,0.993,576.71,272.59,0.9778,558.19,271.72,0.9772,567.8,289.37,0.925,553.18,288.5,0.9232
Moguls_Frauen_Final_1_15,88,9,531.43,170.48,616.27,310.9,0.8711,574.43,200.2,0.9608,577.09,197.09,0.8667,570.93,197.07,0.9231,582.11,193.06,0.5819,565.15,193.22,0.7678,590.1,202.49,0.9856,559.84,204.85,0.9931,601.44,208.67,0.9418,548.39,221.53,0.9786,603.9,208.24,0.9095,546.99,233.59,0.958,584.82,251.33,0.9927,565.62,250.94,0.995,573.63,277.89,0.9794,554.6,276.78,0.9864,560.09,296.38,0.9439,547.89,295.92,0.9565
Moguls_Frauen_Final_1_15,89,9,527.79,173.07,611.88,313.39,0.7804,572.97,200.33,0.9357,575.27,197.58,0.8004,570.12,197.34,0.8806,579.93,195.25,0.5355,566.13,194.86,0.7369,588.82,207.11,0.9767,561.0,205.61,0.9929,596.81,224.53,0.9166,548.03,219.23,0.9816,594.54,244.07,0.8897,543.72,233.78,0.9642,583.52,247.08,0.9915,565.91,245.45,0.9952,577.38,279.32,0.9781,559.14,278.19,0.9885,559.3,298.72,0.9408,545.65,299.82,0.9616
Moguls_Frauen_Final_1_15,90,9,524.9,177.38,608.99,318.57,0.8332,572.59,208.39,0.9418,574.91,205.56,0.8419,569.45,205.32,0.8774,580.78,201.27,0.6027,565.39,201.07,0.678,590.44,210.44,0.9829,561.07,208.65,0.9892,597.71,225.44,0.9408,547.34,222.81,0.9697,592.33,234.47,0.9076,542.22,236.31,0.9452,584.49,250.52,0.9917,565.75,248.28,0.9936,576.5,282.2,0.9778,557.15,279.02,0.9835,560.3,306.76,0.9353,544.91,304.6,0.9469
Moguls_Frauen_Final_1_15,91,9,528.54,184.2,607.41,317.86,0.7239,572.74,217.48,0.9304,575.42,213.91,0.8527,569.84,214.29,0.8464,581.83,209.24,0.6575,566.52,210.21,0.6092,590.94,218.79,0.9788,562.39,217.47,0.9808,597.58,235.43,0.9392,548.16,230.08,0.9469,585.63,240.98,0.9126,540.67,243.96,0.9211,582.83,259.57,0.9819,564.08,257.92,0.9826,578.92,285.89,0.9403,558.52,284.39,0.9455,571.63,307.38,0.8167,552.35,306.29,0.8304
Moguls_Frauen_Final_1_15,92,9,530.77,191.61,606.22,320.59,0.6664,573.97,222.4,0.7187,576.17,219.54,0.5604,571.63,219.09,0.6511,580.09,216.47,0.2697,567.46,215.27,0.442,585.85,222.62,0.9328,559.56,221.96,0.9753,595.99,233.22,0.8644,546.32,235.63,0.9601,591.22,237.15,0.8535,541.22,251.49,0.9358,580.65,256.74,0.9712,564.46,256.42,0.9831,579.33,278.7,0.9018,565.05,278.15,0.9338,572.63,298.91,0.7524,562.86,298.34,0.809
Moguls_Frauen_Final_1_15,93,9,532.09,200.19,602.46,320.84,0.5183,573.78,228.45,0.866,576.52,225.61,0.7746,571.42,225.27,0.7838,581.54,223.44,0.458,567.78,222.54,0.5019,588.59,231.75,0.9603,561.11,230.23,0.979,595.68,245.98,0.8659,547.32,243.4,0.9268,587.47,257.1,0.8332,539.73,259.87,0.8857,582.26,262.71,0.968,565.17,261.65,0.9759,580.7,279.33,0.9106,563.72,277.79,0.924,575.33,301.67,0.8001,566.05,299.72,0.8231
Moguls_Frauen_Final_1_15,94,9,534.0,209.19,597.14,316.36,0.7421,574.57,229.58,0.8676,576.58,227.63,0.8108,573.2,227.28,0.7766,580.08,227.54,0.5896,570.38,226.65,0.4927,584.51,236.62,0.9828,564.27,234.38,0.99,591.41,250.35,0.9564,550.89,243.91,0.9704,591.11,258.5,0.9351,539.16,251.26,0.948,576.81,263.82,0.9875,564.32,262.53,0.9905,575.92,283.38,0.9439,562.27,282.13,0.9496,575.44,302.88,0.8405,561.97,301.58,0.8512
Moguls_Frauen_Final_1_15,95,9,536.73,216.0,596.08,313.48,0.8072,576.99,235.17,0.9689,580.41,232.86,0.946,574.87,232.26,0.9513,585.82,234.04,0.7445,571.64,232.55,0.7793,592.36,246.71,0.9925,565.5,242.4,0.9974,599.61,261.6,0.9561,550.75,247.84,0.9873,595.85,268.65,0.9333,539.81,248.38,0.9725,583.0,274.1,0.9889,565.59,271.68,0.9937,590.84,282.1,0.9485,564.25,279.32,0.966,589.65,301.5,0.8735,562.66,298.09,0.9044
Moguls_Frauen_Final_1_15,96,9,532.56,221.02,601.39,332.71,0.6905,585.53,241.08,0.9494,588.06,238.82,0.8113,583.29,238.0,0.9306,590.55,238.76,0.4765,577.06,236.3,0.8516,593.44,251.15,0.9718,567.52,244.58,0.9941,599.43,266.08,0.8743,551.34,247.29,0.983,592.79,275.79,0.8382,536.1,250.54,0.9651,586.13,279.37,0.9836,569.91,276.78,0.9923,596.58,296.52,0.9638,579.96,291.36,0.9842,593.95,320.53,0.9156,584.01,316.38,0.9526
Moguls_Frauen_Final_1_15,97,9,532.95,222.62,607.54,343.28,0.4276,588.85,241.56,0.9306,591.59,239.17,0.7573,586.58,238.6,0.9167,593.72,238.82,0.4046,580.0,236.89,0.8404,593.18,248.52,0.9562,570.76,246.54,0.9916,598.3,251.52,0.8206,555.68,248.73,0.9761,595.31,248.96,0.7813,540.43,253.77,0.9515,587.61,279.23,0.9821,573.51,279.19,0.9917,599.04,299.01,0.9692,584.93,298.26,0.9869,598.12,322.62,0.9374,590.62,324.95,0.9654
Moguls_Frauen_Final_1_15,98,9,538.79,222.82,617.1,349.52,0.7512,590.91,240.31,0.9578,594.68,237.84,0.8673,588.07,237.24,0.9359,598.91,238.67,0.5772,581.66,236.68,0.8214,599.16,254.53,0.9761,572.11,250.0,0.9911,604.07,272.38,0.8842,553.74,256.99,0.9659,605.75,282.32,0.8395,547.44,261.14,0.938,596.07,290.1,0.982,579.68,290.51,0.9887,606.83,309.82,0.9629,593.46,313.29,0.978,607.7,330.47,0.922,602.18,338.72,0.9446
Moguls_Frauen_Final_1_15,99,9,544.55,223.35,625.0,352.99,0.8417,589.86,237.78,0.9655,594.05,235.24,0.9164,587.2,235.16,0.9268,600.07,236.73,0.7388,582.79,235.91,0.7537,601.75,253.0,0.9885,575.02,249.8,0.9903,607.96,268.58,0.947,558.81,257.23,0.9553,611.58,277.18,0.9105,552.75,266.22,0.9232,597.27,286.89,0.9905,580.56,287.24,0.991,605.48,309.6,0.9792,588.1,311.45,0.9813,617.11,332.18,0.9492,601.31,336.92,0.9536
Moguls_Frauen_Final_1_15,100,9,550.36,224.46,634.42,360.49,0.8705,594.37,241.71,0.929,597.55,238.93,0.7978,592.07,238.49,0.9168,601.38,239.68,0.3515,586.45,238.1,0.7982,601.83,253.32,0.9829,576.96,251.55,0.9964,608.57,269.62,0.9201,562.5,264.96,0.9899,616.09,278.73,0.9083,564.54,270.97,0.9791,601.56,293.76,0.9953,586.42,294.22,0.9979,604.82,320.26,0.9871,593.97,320.55,0.9935,614.71,343.17,0.9642,606.77,343.32,0.9779
Moguls_Frauen_Final_1_15,101,9,552.5,224.75,639.82,366.78,0.7338,595.48,247.28,0.8857,598.58,244.57,0.6967,593.52,244.23,0.8236,601.86,243.78,0.4787,588.58,242.36,0.7136,601.45,256.81,0.9729,580.72,252.8,0.988,606.98,272.35,0.9089,567.32,261.62,0.9686,616.41,278.04,0.8679,562.82,271.83,0.9416,600.59,289.71,0.9936,587.34,290.23,0.9957,611.18,317.35,0.9896,596.2,320.97,0.9935,619.67,345.73,0.9752,604.98,354.86,0.9821
Moguls_Frauen_Final_1_15,102,9,554.58,228.14,641.87,370.73,0.8325,596.75,257.57,0.9307,599.75,254.61,0.7906,594.62,254.35,0.8829,602.86,252.03,0.5386,588.63,250.7,0.7693,603.61,262.95,0.9838,579.25,260.27,0.9918,613.09,275.66,0.9433,567.1,269.34,0.9769,623.39,280.97,0.9154,565.98,279.94,0.9577,601.6,295.29,0.9948,586.15,296.21,0.9962,610.63,322.38,0.9886,592.62,325.86,0.9922,620.6,347.33,0.9669,602.74,354.78,0.9746
Moguls_Frauen_Final_1_15,103,9,558.18,231.99,640.98,366.39,0.6679,595.3,260.66,0.6544,597.75,257.86,0.4991,594.0,257.11,0.4878,602.14,256.37,0.2822,590.92,253.88,0.2794,604.1,267.12,0.9544,581.83,262.66,0.9697,612.69,283.08,0.9498,564.02,274.44,0.9638,629.22,293.84,0.9403,571.31,282.98,0.95,600.91,309.91,0.9795,588.11,308.87,0.9836,604.11,327.62,0.8832,599.28,326.57,0.8958,605.59,342.88,0.6354,605.22,340.96,0.6581
Moguls_Frauen_Final_1_15,104,9,561.56,237.04,639.18,361.19,0.8036,594.55,267.17,0.9425,597.65,263.6,0.8781,591.25,263.41,0.9043,602.75,259.22,0.5249,585.94,258.26,0.6652,604.61,266.81,0.9877,578.2,264.77,0.9939,612.03,283.4,0.9615,565.3,278.78,0.9815,628.79,300.48,0.9506,571.49,290.59,0.9692,599.37,302.72,0.9915,583.15,302.65,0.9942,605.4,324.21,0.9653,591.02,324.05,0.9735,604.51,340.54,0.8855,591.08,339.97,0.9047
Moguls_Frauen_Final_1_15,105,9,563.67,239.86,641.0,361.11,0.7378,594.77,260.1,0.9423,597.27,256.87,0.8744,591.68,257.25,0.9212,601.34,255.29,0.5187,586.46,255.94,0.7514,606.06,266.46,0.9871,578.29,267.56,0.9944,618.11,279.92,0.9423,565.56,282.33,0.9789,632.21,291.1,0.9213,568.03,291.37,0.959,600.2,305.28,0.9908,583.61,306.1,0.994,602.91,328.83,0.9606,588.52,329.5,0.9719,599.27,346.95,0.8764,589.68,347.95,0.9035
Moguls_Frauen_Final_1_15,106,9,564.31,241.83,640.68,358.43,0.5138,592.68,267.83,0.8691,594.68,264.48,0.7223,590.27,264.36,0.7508,597.29,260.71,0.5367,585.35,260.42,0.5885,602.76,270.55,0.9746,576.88,269.46,0.9724,614.68,282.57,0.9355,564.84,284.57,0.9269,632.63,278.21,0.9039,565.45,296.5,0.8927,599.71,309.51,0.9769,584.43,309.5,0.975,598.43,336.22,0.919,586.8,332.78,0.9148,603.24,355.31,0.7521,594.77,348.59,0.7475
Moguls_Frauen_Final_1_15,108,10,546.14,231.24,611.79,376.09,0.4416,586.83,257.91,0.8314,589.79,254.08,0.6345,583.39,254.45,0.8177,595.44,251.22,0.2245,578.47,252.04,0.6495,601.41,261.19,0.9233,571.1,262.66,0.9834,607.39,275.6,0.743,558.22,279.46,0.9671,604.04,288.62,0.7453,558.61,297.57,0.9401,595.25,305.1,0.9695,576.26,305.53,0.9866,589.62,331.98,0.9124,572.3,332.03,0.9567,579.94,355.35,0.7881,569.97,355.72,0.8702
Moguls_Frauen_Final_1_15,109,10,553.83,226.37,622.79,377.65,0.6149,583.07,248.61,0.8804,585.51,245.5,0.7137,580.7,245.66,0.7138,589.4,245.8,0.5517,577.6,245.53,0.5602,596.09,260.38,0.9834,571.73,261.16,0.9847,613.07,266.46,0.9599,558.99,277.66,0.96,628.7,265.76,0.9368,554.72,298.95,0.9361,588.62,310.24,0.9912,573.99,309.74,0.991,570.74,339.27,0.97,562.16,339.1,0.971,565.84,361.3,0.8878,561.65,360.73,0.8924
Moguls_Frauen_Final_1_15,110,10,554.05,224.78,621.67,371.51,0.7632,580.87,250.92,0.9111,583.68,247.85,0.7632,577.95,248.07,0.7891,589.52,246.05,0.5653,574.23,246.34,0.5769,596.81,257.94,0.9841,571.26,258.82,0.9881,611.58,266.19,0.961,558.05,274.13,0.973,623.35,267.72,0.9399,554.33,295.06,0.9525,593.01,307.72,0.9933,576.82,307.31,0.9942,573.8,332.4,0.9758,559.22,334.46,0.9791,564.17,352.37,0.9125,553.11,356.5,0.9195
Moguls_Frauen_Final_1_15,111,10,547.25,224.68,616.04,372.03,0.8269,580.14,253.43,0.9392,583.0,250.39,0.8226,576.6,250.13,0.8632,589.64,248.6,0.6025,572.63,248.48,0.6724,597.63,261.27,0.9865,570.11,261.29,0.992,611.04,269.23,0.9574,555.96,277.89,0.9796,618.9,266.69,0.9327,552.17,297.21,0.9599,590.19,310.1,0.9948,572.5,308.5,0.996,578.42,339.46,0.9812,560.6,337.96,0.9862,557.68,358.46,0.9326,543.69,358.43,0.9442
Moguls_Frauen_Final_1_15,112,10,544.94,227.59,613.58,372.29,0.8513,580.33,259.37,0.9373,582.7,256.55,0.8376,577.02,256.08,0.845,589.31,252.97,0.653,573.79,252.88,0.6331,598.04,262.44,0.9896,572.21,263.02,0.9916,609.36,271.64,0.9681,557.4,280.08,0.9775,616.31,274.96,0.9453,551.07,297.66,0.9573,591.3,305.54,0.9966,575.11,303.92,0.9969,582.46,337.1,0.9894,565.84,334.8,0.9911,556.0,358.97,0.9615,543.3,357.56,0.9657
Moguls_Frauen_Final_1_15,113,10,547.15,231.06,612.75,367.48,0.7755,582.54,264.85,0.9234,585.81,261.2,0.8202,579.51,261.11,0.8603,592.9,257.19,0.5953,576.03,257.17,0.6633,600.03,268.16,0.9691,572.58,267.45,0.984,610.4,279.19,0.905,558.78,281.51,0.9588,611.17,279.12,0.8735,548.86,300.55,0.9272,592.64,314.54,0.9781,575.05,313.16,0.9843,584.16,341.35,0.9193,566.56,339.31,0.9421,575.59,356.67,0.7728,562.9,355.64,0.8113
Moguls_Frauen_Final_1_15,114,10,544.55,236.61,609.86,370.52,0.7843,582.16,252.94,0.9523,585.92,250.17,0.9039,579.66,250.38,0.8666,592.97,251.93,0.7843,577.39,252.26,0.6212,600.33,268.92,0.991,573.21,270.38,0.987,608.85,285.29,0.9673,561.13,286.72,0.9447,598.88,287.37,0.9395,546.49,291.33,0.911,592.71,310.66,0.9908,575.74,310.33,0.9888,584.83,334.3,0.9709,567.69,334.86,0.9657,585.91,354.3,0.9029,573.16,356.48,0.894
Moguls_Frauen_Final_1_15,115,10,544.41,241.21,609.31,372.01,0.7376,587.3,266.93,0.9226,590.21,263.89,0.8369,584.97,263.63,0.8247,595.99,261.09,0.6618,581.33,260.32,0.5989,602.91,273.25,0.9832,576.4,268.18,0.983,611.6,290.78,0.9523,559.24,276.36,0.9516,599.36,291.42,0.9278,547.58,283.83,0.9286,596.93,311.1,0.9872,580.47,308.69,0.9874,590.12,335.0,0.957,577.43,335.02,0.9584,588.66,351.48,0.8576,580.5,354.34,0.8609
Moguls_Frauen_Final_1_15,116,10,547.28,244.11,611.54,370.97,0.8578,589.53,267.86,0.9055,592.37,265.26,0.8054,587.43,264.59,0.7827,598.03,262.84,0.6451,583.78,261.28,0.5612,604.17,273.93,0.9849,577.94,268.05,0.9829,613.6,289.5,0.9609,559.8,273.5,0.9551,607.86,299.64,0.9367,549.75,283.23,0.9337,598.6,308.5,0.9921,582.66,306.14,0.9916,597.04,333.8,0.9754,584.77,333.83,0.9754,591.43,352.57,0.9157,585.1,355.57,0.9165
Moguls_Frauen_Final_1_15,117,10,549.67,245.06,615.46,372.81,0.8218,594.93,265.48,0.9273,597.6,262.99,0.8155,592.34,262.13,0.8593,601.45,262.43,0.5804,586.52,260.35,0.6908,606.35,276.83,0.9814,579.06,269.34,0.9862,615.42,293.19,0.9401,561.31,274.13,0.9616,607.09,297.52,0.9124,552.42,283.03,0.9409,600.1,313.69,0.9875,583.42,310.93,0.9894,601.98,338.1,0.9592,589.78,337.1,0.967,597.68,358.11,0.8691,590.99,359.88,0.8855
Moguls_Frauen_Final_1_15,118,10,551.9,245.98,618.0,372.48,0.7644,600.0,268.58,0.9005,602.19,265.79,0.7389,597.65,265.35,0.8349,604.98,264.2,0.471,591.35,262.71,0.6884,609.7,277.36,0.9687,582.34,270.14,0.9835,616.91,295.57,0.9083,564.36,274.63,0.9606,606.88,306.81,0.8739,554.68,284.74,0.9377,604.32,312.74,0.9801,587.38,310.32,0.9856,606.04,333.15,0.9408,591.81,332.68,0.9586,605.98,353.72,0.8357,596.4,355.76,0.8681
Moguls_Frauen_Final_1_15,119,10,555.72,245.1,623.97,374.31,0.8394,599.97,259.93,0.9532,603.52,257.48,0.8774,597.33,256.96,0.9107,608.13,259.51,0.6646,592.3,257.93,0.7662,611.2,278.11,0.9863,582.32,272.32,0.9902,619.95,296.54,0.9416,563.31,281.09,0.9632,619.48,305.13,0.9056,561.42,289.8,0.9374,602.72,313.91,0.988,585.4,313.04,0.9897,612.28,336.72,0.9611,598.38,338.73,0.9691,613.56,356.44,0.8779,604.69,361.71,0.8948
Moguls_Frauen_Final_1_15,120,10,560.14,246.49,630.09,376.94,0.7986,603.76,273.86,0.8798,606.45,270.77,0.7121,602.13,270.52,0.7818,609.89,267.63,0.5035,597.65,266.32,0.6362,612.76,279.67,0.9774,585.97,274.06,0.9835,622.43,298.73,0.9371,567.61,283.09,0.9585,625.31,306.46,0.9052,564.58,290.83,0.9342,604.38,315.7,0.9894,588.73,315.09,0.9907,610.61,339.78,0.9695,600.5,342.37,0.9753,616.2,359.95,0.9052,611.6,365.88,0.9176
Moguls_Frauen_Final_1_15,121,10,564.34,247.12,637.12,381.13,0.7999,606.77,274.42,0.9414,609.79,271.66,0.8125,604.58,271.14,0.8891,613.2,268.92,0.5295,598.76,266.97,0.7464,616.48,281.21,0.983,586.77,275.94,0.9918,626.68,300.83,0.9407,570.99,286.44,0.9752,626.86,303.33,0.9155,567.17,291.49,0.9569,610.84,316.6,0.9916,592.68,316.06,0.9938,618.72,339.58,0.9811,602.56,340.68,0.987,625.38,362.78,0.95,614.64,367.65,0.9618
Moguls_Frauen_Final_1_15,122,10,566.75,247.27,642.04,383.65,0.7899,608.51,273.53,0.9152,610.72,270.44,0.7269,606.17,270.27,0.8559,612.75,267.49,0.4637,599.8,266.87,0.7451,615.62,278.71,0.9797,586.32,275.7,0.9897,623.94,294.2,0.9373,571.11,287.17,0.9741,629.82,299.72,0.9089,569.77,296.25,0.9545,608.94,316.3,0.9904,590.32,316.46,0.9931,621.44,340.71,0.9756,602.52,339.94,0.983,630.47,367.58,0.9275,613.55,367.86,0.9424
Moguls_Frauen_Final_1_15,123,10,567.2,248.81,641.2,381.81,0.5192,605.9,274.4,0.8731,607.9,271.39,0.6848,604.36,271.28,0.7509,609.73,269.56,0.5089,600.24,268.86,0.6267,612.58,282.03,0.9819,588.57,277.94,0.9843,619.44,298.06,0.9536,573.71,289.35,0.96,630.46,301.0,0.9264,572.39,298.89,0.9351,605.01,315.6,0.9903,590.23,314.67,0.9904,612.75,339.98,0.9731,598.04,334.92,0.9748,626.63,368.13,0.9128,610.31,359.97,0.9191
Moguls_Frauen_Final_1_15,124,10,569.36,250.69,640.94,377.81,0.6839,604.92,273.78,0.8794,607.02,270.87,0.6909,603.34,270.9,0.7663,609.04,269.34,0.5067,599.06,268.84,0.6441,613.03,281.15,0.9815,587.86,279.99,0.986,623.31,297.49,0.9512,574.77,294.98,0.9644,634.36,304.61,0.9235,575.56,304.04,0.9405,607.57,316.83,0.9907,592.12,317.38,0.9914,611.85,344.97,0.972,597.22,344.62,0.9756,620.11,370.26,0.9039,606.51,368.95,0.914
Moguls_Frauen_Final_1_15,125,10,570.42,254.92,642.01,380.44,0.8027,604.0,281.92,0.906,606.14,278.66,0.7481,601.58,278.99,0.8231,609.08,274.94,0.5084,595.83,275.17,0.6777,613.18,284.27,0.9793,586.6,283.56,0.9861,623.82,300.28,0.9433,573.31,296.8,0.965,634.46,312.75,0.9171,575.57,307.44,0.9442,610.34,317.31,0.9882,593.9,318.43,0.9899,613.07,343.19,0.9661,598.35,345.74,0.9724,616.69,366.3,0.8916,604.55,369.01,0.9064
Moguls_Frauen_Final_1_15,126,10,570.17,259.99,640.88,381.87,0.5132,600.5,290.78,0.8708,602.96,287.57,0.7653,597.57,287.51,0.8008,607.37,282.79,0.3927,592.66,282.29,0.5106,610.45,288.4,0.9686,585.1,287.0,0.9849,618.67,304.96,0.9341,570.33,300.72,0.9706,633.19,323.03,0.9195,572.9,313.0,0.9527,606.99,327.51,0.9796,592.16,327.6,0.9863,606.6,357.74,0.8872,598.5,357.81,0.9133,606.25,379.02,0.6255,601.06,378.9,0.6775
Moguls_Frauen_Final_1_15,127,10,569.38,263.3,642.06,385.94,0.3891,600.95,291.44,0.8589,602.74,287.89,0.63,597.69,287.61,0.7913,604.06,284.54,0.3686,590.32,284.34,0.6587,607.51,296.4,0.9431,581.97,293.91,0.9707,620.02,315.55,0.8558,569.49,311.92,0.9408,637.91,312.56,0.8309,574.93,318.29,0.9133,606.92,343.79,0.9512,591.01,344.32,0.9654,611.82,377.53,0.8257,601.46,379.33,0.8718,607.59,403.28,0.5448,600.91,406.59,0.5945
Moguls_Frauen_Final_1_15,128,10,568.01,265.93,640.04,384.93,0.7933,595.52,293.82,0.9019,597.58,290.54,0.7595,592.77,290.85,0.7862,601.52,286.27,0.5379,588.07,286.91,0.5852,607.6,295.67,0.9803,580.46,295.46,0.9798,620.83,308.2,0.953,567.14,311.55,0.9507,633.79,304.08,0.932,571.17,321.69,0.93,602.62,333.89,0.9844,586.05,334.43,0.9835,599.96,359.08,0.9466,587.28,360.7,0.9464,598.22,378.54,0.8246,587.52,380.35,0.8249
Moguls_Frauen_Final_1_15,129,10,554.5,264.84,625.63,385.13,0.5482,594.45,289.82,0.8599,596.56,286.07,0.6733,591.62,286.19,0.8515,597.91,282.57,0.2704,585.4,282.59,0.7229,598.13,292.66,0.9254,577.55,293.49,0.9771,598.88,310.69,0.6425,565.52,313.31,0.9164,599.21,317.12,0.5947,569.02,322.17,0.841,596.34,335.25,0.8998,583.16,336.19,0.9449,596.02,359.14,0.6457,581.5,359.88,0.7672,593.18,376.56,0.4158,578.41,377.61,0.5303
Moguls_Frauen_Final_1_15,130,10,552.5,261.64,631.98,396.02,0.2941,591.34,286.28,0.8949,593.91,283.42,0.6471,588.45,283.37,0.8593,597.12,280.5,0.3388,581.84,280.13,0.7588,600.58,289.0,0.9518,573.4,291.17,0.9893,613.02,296.01,0.8501,559.71,307.34,0.9776,627.33,297.07,0.8189,558.85,321.19,0.955,596.43,332.35,0.9829,579.6,333.84,0.9918,591.73,362.76,0.9557,577.42,367.0,0.9792,580.84,383.0,0.8843,574.49,391.25,0.9267
Moguls_Frauen_Final_1_15,131,10,542.79,258.85,623.9,400.18,0.5217,588.17,282.87,0.8379,590.94,279.22,0.6668,584.71,279.44,0.8186,595.95,276.63,0.2524,579.32,276.82,0.6211,602.27,287.24,0.9143,571.9,286.76,0.9795,607.02,304.33,0.7111,559.03,302.11,0.9546,603.75,322.81,0.7101,556.18,320.21,0.9216,597.0,327.85,0.9684,577.68,327.43,0.9854,589.76,355.82,0.9348,569.69,355.08,0.9656,583.32,380.35,0.865,567.63,379.68,0.9148
Moguls_Frauen_Final_1_15,132,10,543.99,256.8,625.56,399.05,0.4534,585.89,282.48,0.9206,588.62,279.11,0.7463,582.63,279.26,0.8634,592.99,276.36,0.4315,576.5,276.45,0.7182,599.6,286.01,0.9655,569.29,287.98,0.9896,612.78,295.81,0.8983,554.38,306.24,0.9768,620.04,296.55,0.877,554.03,320.44,0.9587,594.62,329.84,0.9843,574.65,330.5,0.9909,586.67,358.55,0.9559,566.7,362.34,0.976,572.66,377.32,0.8731,557.39,384.36,0.9136
Moguls_Frauen_Final_1_15,133,10,541.42,255.96,624.23,400.68,0.4634,584.64,282.05,0.9213,587.4,279.08,0.7833,581.33,278.58,0.8658,592.22,277.26,0.5093,574.91,276.29,0.703,598.84,288.14,0.9734,568.35,288.06,0.9871,611.49,299.22,0.9158,555.33,304.93,0.9678,614.91,298.3,0.8831,551.98,320.89,0.9404,591.92,330.28,0.9883,572.33,329.45,0.9918,583.93,360.85,0.9634,562.35,361.01,0.975,568.04,383.25,0.8851,551.37,385.71,0.9081
Moguls_Frauen_Final_1_15,134,10,540.02,256.97,622.99,401.56,0.7135,582.98,288.7,0.9528,586.44,285.34,0.8783,579.51,284.74,0.9144,592.51,282.25,0.6292,573.43,281.07,0.735,599.96,293.43,0.9793,567.46,292.52,0.9878,614.08,304.64,0.9224,553.85,308.46,0.9621,613.56,299.01,0.8901,548.23,323.41,0.9316,590.9,338.34,0.986,569.96,336.73,0.9893,582.49,366.9,0.9536,558.6,365.54,0.965,569.41,387.65,0.8583,550.14,388.38,0.8795
Moguls_Frauen_Final_1_15,135,10,539.24,259.75,618.4,397.25,0.7432,581.41,291.71,0.9478,584.89,288.22,0.8885,578.1,288.09,0.8827,592.37,284.36,0.6908,574.16,284.39,0.6518,601.37,293.78,0.9812,571.57,293.53,0.9847,611.91,306.36,0.9286,556.83,308.58,0.945,603.89,305.62,0.8984,545.36,322.82,0.9164,594.55,328.6,0.9871,575.58,327.06,0.9882,590.11,353.81,0.9761,570.84,352.35,0.9799,576.75,377.48,0.9419,563.43,378.39,0.9504
Moguls_Frauen_Final_1_15,136,10,540.86,263.84,614.41,391.32,0.5916,583.33,295.75,0.9289,586.5,292.81,0.8321,580.43,292.35,0.8676,592.42,288.68,0.5825,575.07,287.59,0.6689,599.16,296.09,0.9736,565.53,295.91,0.9813,605.73,313.24,0.9168,552.38,315.7,0.9455,596.9,317.09,0.8863,562.28,322.75,0.9183,592.43,328.25,0.976,571.27,328.51,0.9794,591.41,350.84,0.9346,572.05,353.01,0.9455,578.84,370.55,0.8327,571.21,374.79,0.8495
Moguls_Frauen_Final_1_15,137,10,538.73,268.56,609.23,388.46,0.7495,585.12,296.66,0.9588,588.6,293.82,0.8886,582.47,293.09,0.9197,594.03,290.54,0.6431,576.98,288.62,0.7555,599.62,299.37,0.9804,571.41,295.66,0.9905,607.27,313.06,0.9222,556.88,302.11,0.9682,595.77,319.55,0.8989,542.51,307.64,0.9489,593.07,327.81,0.984,575.24,325.48,0.9886,591.11,346.89,0.9658,573.34,344.17,0.977,582.89,368.04,0.9173,573.71,367.56,0.9389
Moguls_Frauen_Final_1_15,138,10,537.42,269.75,606.55,384.15,0.7715,587.45,296.0,0.9324,590.88,293.54,0.8287,585.35,292.58,0.8736,596.42,290.49,0.6072,580.2,287.98,0.7031,600.42,298.27,0.9812,571.85,292.48,0.9895,605.27,312.15,0.94,555.15,297.38,0.9715,598.5,322.34,0.9111,537.97,303.35,0.9509,592.07,323.99,0.9906,573.93,320.99,0.993,593.07,338.51,0.9804,571.54,333.96,0.9859,592.66,364.13,0.9497,577.85,361.79,0.9601
Moguls_Frauen_Final_1_15,139,10,535.58,268.95,610.7,391.68,0.7326,592.58,294.28,0.9189,595.76,291.42,0.7846,590.73,290.75,0.8564,599.69,288.81,0.5184,585.17,286.29,0.7096,602.83,298.59,0.9748,575.28,292.81,0.9879,609.81,315.23,0.9181,556.9,300.5,0.9665,603.66,322.49,0.8854,540.44,310.36,0.943,594.08,328.44,0.9875,576.67,326.11,0.991,593.87,347.39,0.9738,575.39,345.47,0.9824,596.14,370.78,0.932,582.88,371.36,0.9498
Moguls_Frauen_Final_1_15,140,10,535.95,267.14,616.65,397.97,0.7588,596.73,291.43,0.9147,599.33,289.01,0.7277,594.72,288.19,0.8778,601.95,286.96,0.4413,587.92,284.54,0.7843,604.75,297.15,0.9734,575.99,291.41,0.9918,611.1,311.38,0.9047,558.66,298.71,0.9792,613.57,322.04,0.8632,542.51,311.44,0.9566,594.75,327.54,0.9907,576.85,324.83,0.9948,596.93,351.04,0.9799,576.52,344.78,0.9891,600.63,374.6,0.9496,585.06,368.65,0.9668
Moguls_Frauen_Final_1_15,141,10,538.51,265.89,620.01,396.84,0.8483,602.87,289.16,0.8764,604.28,286.5,0.5522,600.89,286.36,0.8548,603.85,284.61,0.2759,593.01,283.79,0.8228,603.86,295.0,0.9626,580.68,292.18,0.9932,611.15,306.13,0.8771,562.28,299.0,0.9864,616.07,314.02,0.842,546.1,315.69,0.9697,596.03,329.49,0.992,581.84,329.27,0.9965,603.35,355.25,0.9819,589.22,355.5,0.9925,605.5,375.96,0.9531,593.8,379.12,0.9736
Moguls_Frauen_Final_1_15,142,10,542.65,265.6,625.74,397.72,0.8784,603.96,291.03,0.9495,606.26,287.81,0.7779,601.19,287.75,0.9385,607.3,285.42,0.3926,591.79,284.47,0.8799,607.74,297.56,0.9764,579.09,294.87,0.995,617.6,311.67,0.8953,561.82,304.92,0.9856,625.45,323.51,0.8543,550.58,321.52,0.9674,599.77,336.1,0.9899,581.69,336.08,0.9952,606.19,357.75,0.9726,585.8,357.61,0.9874,612.3,376.37,0.9289,594.45,377.15,0.9569
Moguls_Frauen_Final_1_15,143,10,547.28,266.44,632.31,400.46,0.8693,601.75,292.27,0.9523,605.04,289.23,0.8426,599.45,288.93,0.9258,608.12,286.47,0.5558,592.56,284.96,0.827,608.42,297.47,0.9847,580.72,295.18,0.9931,620.82,309.43,0.9362,564.67,305.51,0.9771,629.3,315.62,0.9011,558.11,321.63,0.9543,598.98,334.25,0.9929,581.73,334.91,0.995,608.23,360.88,0.9806,589.62,363.76,0.9874,615.79,379.13,0.9437,599.29,385.31,0.9576
Moguls_Frauen_Final_1_15,144,10,550.86,267.84,638.59,405.54,0.8763,602.92,293.04,0.9409,605.53,289.99,0.8021,600.03,289.44,0.8985,607.08,287.83,0.5346,591.88,286.78,0.7875,607.6,299.95,0.9852,580.32,296.67,0.991,620.07,313.85,0.9457,567.49,308.64,0.9728,633.73,317.97,0.9136,560.28,324.12,0.9486,597.95,337.86,0.9921,580.48,337.46,0.9939,609.74,369.08,0.977,591.85,367.9,0.9825,617.04,389.32,0.9253,599.27,389.95,0.9362
Moguls_Frauen_Final_1_15,145,10,555.13,270.47,642.71,408.68,0.8669,600.86,296.23,0.9355,604.68,293.44,0.8523,598.47,292.17,0.9104,608.83,291.56,0.446,592.42,287.86,0.7018,609.21,300.3,0.986,580.58,297.33,0.9941,620.43,313.09,0.9565,569.26,313.26,0.9838,635.5,318.74,0.9458,566.78,326.34,0.9709,600.52,339.21,0.9951,582.98,338.48,0.9968,598.96,368.97,0.9858,584.8,368.09,0.9894,607.56,393.66,0.9517,593.35,392.45,0.9603
Moguls_Frauen_Final_1_15,146,10,558.49,273.1,645.21,410.43,0.8602,601.31,297.95,0.8774,604.02,295.26,0.7296,599.41,294.39,0.8347,606.83,294.33,0.3352,593.28,291.5,0.6258,606.92,304.26,0.9811,579.8,303.23,0.9893,619.19,313.17,0.956,566.78,318.58,0.9753,635.46,313.75,0.9461,571.41,327.93,0.9599,599.64,346.16,0.9942,582.79,346.58,0.9956,598.88,373.45,0.9826,585.26,374.08,0.9849,602.97,394.17,0.9403,589.48,395.14,0.9456
Moguls_Frauen_Final_1_15,147,10,560.4,276.87,644.32,409.87,0.5029,596.67,297.99,0.8709,598.59,295.33,0.6754,594.89,295.3,0.7497,600.37,295.32,0.4938,590.46,294.95,0.6199,604.88,307.46,0.9798,580.27,307.8,0.9828,617.66,319.97,0.9499,569.96,324.52,0.9584,630.37,318.46,0.9245,574.01,331.9,0.9337,597.99,343.41,0.988,582.66,344.0,0.9883,598.64,370.42,0.9608,583.82,370.34,0.9637,601.26,394.45,0.8644,587.04,393.5,0.8714
Moguls_Frauen_Final_1_15,149,10,563.6,284.55,637.47,399.51,0.423,589.44,303.65,0.2877,588.77,300.24,0.0871,590.45,300.87,0.2128,581.05,299.95,0.3188,595.06,301.36,0.6384,574.92,313.14,0.9161,598.51,315.47,0.977,567.05,332.12,0.8077,616.97,329.89,0.9641,569.32,346.35,0.7253,631.55,318.84,0.9153,576.94,353.35,0.9622,591.85,354.57,0.9802,581.88,380.0,0.8603,598.07,380.58,0.9266,580.94,395.52,0.6268,600.63,396.06,0.7279
Moguls_Frauen_Final_1_15,150,10,560.99,286.83,634.31,398.53,0.6488,583.98,306.12,0.9152,586.1,303.55,0.8338,581.58,303.31,0.7694,590.78,302.34,0.6914,578.4,302.25,0.5157,598.56,312.15,0.9899,572.28,312.19,0.9759,615.61,318.23,0.976,563.13,326.68,0.9286,628.65,310.85,0.9576,564.78,340.27,0.9029,588.6,346.37,0.9904,572.36,345.45,0.9848,587.99,363.06,0.9685,571.89,359.38,0.953,583.18,386.14,0.8904,568.07,380.1,0.8617
Moguls_Frauen_Final_1_15,151,10,544.23,286.13,615.96,398.94,0.5875,576.22,304.24,0.7791,578.29,301.64,0.7105,574.31,301.63,0.6734,583.11,299.19,0.4697,571.87,299.16,0.3886,589.92,305.91,0.9392,567.23,305.54,0.9637,595.12,318.97,0.8175,558.7,319.28,0.8784,591.33,324.94,0.7819,554.19,330.48,0.8259,583.56,331.74,0.9684,568.93,330.88,0.9761,580.99,353.42,0.9547,560.43,352.19,0.9604,577.22,381.13,0.9302,556.59,379.66,0.937
Moguls_Frauen_Final_1_15,152,10,535.58,284.98,604.76,396.4,0.6576,573.24,302.83,0.8266,575.15,300.23,0.7413,570.95,300.45,0.7165,579.46,298.95,0.4906,567.96,299.38,0.4337,587.49,307.68,0.9586,562.98,306.94,0.9729,592.35,321.41,0.8558,550.95,318.63,0.8951,584.99,331.3,0.815,545.42,329.37,0.8452,580.96,335.27,0.9775,564.6,334.09,0.9814,577.73,353.86,0.9608,553.13,352.31,0.9628,572.31,377.42,0.9283,547.51,375.62,0.9321
Moguls_Frauen_Final_1_15,153,10,525.34,279.98,598.17,399.83,0.7923,568.39,297.56,0.8722,570.44,294.7,0.7971,565.9,295.0,0.789,575.35,293.82,0.5162,562.98,294.34,0.496,583.1,305.07,0.9649,559.0,303.57,0.9834,586.59,321.2,0.8781,545.8,315.01,0.9451,581.53,334.27,0.8532,540.18,325.07,0.9148,577.03,338.55,0.9844,561.02,337.01,0.9895,570.65,359.91,0.9721,547.48,358.17,0.9777,562.23,383.66,0.9473,537.18,381.66,0.9556
Moguls_Frauen_Final_1_15,154,10,515.26,277.08,591.46,404.58,0.7705,559.93,296.86,0.7448,562.43,293.77,0.5935,559.01,293.78,0.5522,569.41,292.98,0.3925,559.19,292.44,0.342,573.98,306.49,0.9419,553.36,303.83,0.9704,567.08,325.44,0.8548,534.15,320.46,0.9252,556.83,327.4,0.8347,539.65,327.63,0.8916,568.4,352.77,0.9721,554.68,350.68,0.98,551.86,373.66,0.9278,535.39,371.38,0.9366,546.67,393.53,0.8141,532.24,390.46,0.8325
Moguls_Frauen_Final_1_15,155,10,518.99,276.19,599.5,406.19,0.8335,561.49,303.27,0.9601,563.84,299.94,0.8823,557.78,299.81,0.9069,568.5,294.96,0.6343,552.21,295.22,0.7217,576.92,303.79,0.9895,544.08,305.88,0.9917,590.98,314.09,0.9638,527.44,325.61,0.974,607.73,318.0,0.9402,537.93,328.31,0.9545,567.14,350.47,0.9932,546.58,350.34,0.9937,558.86,373.58,0.9757,536.33,372.59,0.9788,536.95,391.07,0.9232,519.43,387.39,0.929
Moguls_Frauen_Final_1_15,156,10,513.16,275.45,597.79,408.99,0.8332,557.79,301.54,0.9608,560.51,298.76,0.8797,554.56,298.03,0.9089,565.85,295.79,0.6389,549.66,294.48,0.7252,572.55,306.9,0.9902,543.18,304.56,0.9933,586.58,317.88,0.9654,526.0,319.78,0.9799,600.78,320.39,0.943,527.06,332.18,0.9623,562.22,347.06,0.9957,543.7,345.02,0.9963,556.2,371.39,0.9867,532.92,369.76,0.9895,535.52,392.67,0.9581,512.49,392.47,0.9639
Moguls_Frauen_Final_1_15,157,10,506.1,275.74,594.19,412.2,0.845,555.85,305.56,0.9411,558.34,303.12,0.8271,552.92,302.19,0.8575,563.12,299.56,0.5869,547.39,297.83,0.6518,569.39,308.03,0.9896,540.42,306.42,0.9917,581.6,317.22,0.9705,523.91,319.82,0.9786,592.68,323.68,0.9503,520.75,332.56,0.9616,560.82,348.54,0.9967,542.52,346.76,0.997,553.27,375.59,0.9902,530.66,374.11,0.9915,532.73,397.18,0.9675,512.52,397.07,0.9704
Moguls_Frauen_Final_1_15,158,10,499.83,278.56,588.88,415.15,0.861,554.71,307.22,0.9481,556.86,304.26,0.841,551.13,303.64,0.8775,561.46,300.11,0.5591,545.09,299.55,0.6554,568.81,310.25,0.9866,538.29,308.92,0.99,579.63,322.57,0.9617,522.39,326.41,0.9746,584.57,323.87,0.9419,518.05,337.24,0.9585,556.66,351.68,0.9937,537.62,349.34,0.9946,550.28,381.05,0.9814,529.16,377.74,0.9845,527.32,403.59,0.9424,507.52,400.9,0.9484
Moguls_Frauen_Final_1_15,159,10,501.46,281.06,587.57,413.26,0.7137,552.95,311.19,0.9626,556.03,307.92,0.8927,549.26,307.54,0.9235,561.41,303.84,0.6192,542.6,303.35,0.7316,566.5,313.76,0.9847,534.87,313.77,0.9881,577.95,327.59,0.9433,519.58,334.73,0.9602,582.38,324.7,0.9111,516.95,348.09,0.932,554.61,355.45,0.9873,533.99,354.71,0.9886,552.69,378.67,0.9624,527.0,378.88,0.9674,539.55,400.06,0.8942,514.74,402.21,0.9017
Moguls_Frauen_Final_1_15,160,10,504.34,283.12,585.93,408.56,0.6908,551.99,312.04,0.9587,555.47,308.97,0.9028,548.41,308.25,0.9046,562.08,304.93,0.6908,543.07,303.89,0.6701,567.57,315.83,0.9853,537.04,314.08,0.9843,575.99,333.72,0.9471,522.31,334.7,0.9444,577.47,334.1,0.9156,517.95,344.53,0.9132,554.16,356.51,0.9822,535.07,354.55,0.9814,549.91,380.82,0.9411,531.77,378.25,0.9408,531.91,397.46,0.834,520.42,395.67,0.8331
Moguls_Frauen_Final_1_15,161,10,508.7,285.87,581.77,397.3,0.7783,554.45,314.26,0.9571,557.36,310.96,0.901,551.41,310.65,0.9079,563.09,306.79,0.6877,546.38,306.31,0.6909,569.19,317.01,0.9827,539.82,313.92,0.9835,575.91,335.27,0.9443,523.39,328.57,0.9483,564.73,338.09,0.916,516.71,339.85,0.9207,556.69,353.2,0.9734,537.03,350.82,0.974,554.8,369.44,0.8966,529.86,367.65,0.9001,545.49,384.64,0.7117,520.54,383.62,0.7155
Moguls_Frauen_Final_1_15,162,10,513.23,287.96,578.95,385.74,0.7313,558.45,311.31,0.9068,560.73,308.68,0.8578,555.95,308.17,0.8282,563.86,306.59,0.6075,550.76,305.02,0.5272,568.6,314.05,0.9827,543.74,309.89,0.9863,577.17,329.15,0.9398,529.57,317.31,0.9359,573.58,339.45,0.9077,516.6,321.25,0.8986,559.34,336.6,0.9837,543.58,334.51,0.9846,557.52,349.16,0.9531,538.2,347.06,0.9491,555.75,366.56,0.8868,538.57,364.3,0.8807
Moguls_Frauen_Final_1_15,163,10,515.69,286.2,578.73,377.26,0.6962,558.42,311.38,0.9618,562.46,309.34,0.9247,556.52,307.75,0.911,569.31,306.6,0.7631,552.45,302.7,0.6708,572.8,315.05,0.9862,545.85,305.9,0.9834,579.62,331.15,0.9533,530.67,307.85,0.9429,575.37,341.2,0.9263,517.99,312.13,0.9172,561.32,337.24,0.9791,543.61,332.74,0.9772,566.1,348.55,0.9367,540.41,342.62,0.9339,563.63,365.21,0.8385,539.7,360.79,0.8376
Moguls_Frauen_Final_1_15,164,10,517.18,282.85,579.08,368.88,0.5007,563.36,307.69,0.9024,566.51,305.16,0.88,561.2,303.98,0.838,571.01,302.28,0.6631,556.6,299.05,0.5114,576.6,308.62,0.9775,548.6,301.49,0.9855,581.8,326.78,0.9345,531.77,307.77,0.9482,574.12,334.74,0.8981,518.26,309.12,0.9127,567.53,329.15,0.9712,549.06,325.78,0.9766,573.24,337.37,0.8977,544.02,333.8,0.9014,573.2,355.26,0.773,542.43,350.7,0.7757
Moguls_Frauen_Final_1_15,166,10,511.05,273.16,598.92,398.14,0.7395,572.64,298.2,0.9561,575.93,295.45,0.8797,570.0,294.5,0.9088,580.98,291.44,0.6318,564.33,288.9,0.7316,583.98,303.53,0.9839,555.51,294.46,0.9891,585.12,325.55,0.9442,535.26,299.7,0.9657,571.88,334.95,0.9199,526.84,308.75,0.9479,577.07,342.19,0.9872,558.97,339.2,0.9892,582.88,371.36,0.9632,567.29,369.44,0.9707,580.45,398.57,0.8826,568.93,399.43,0.901
Moguls_Frauen_Final_1_15,167,10,515.91,267.3,603.94,393.93,0.7061,578.56,288.38,0.9551,581.14,285.74,0.7968,575.61,284.82,0.9399,583.44,284.04,0.43,568.02,281.74,0.8707,583.15,297.89,0.9759,555.84,290.28,0.9944,588.25,316.45,0.8914,539.31,300.5,0.9847,595.21,321.78,0.8604,535.41,312.54,0.969,571.85,334.35,0.9839,554.56,332.31,0.9924,587.0,353.34,0.9573,571.77,350.26,0.9805,582.41,374.07,0.8945,571.77,373.82,0.9352
Moguls_Frauen_Final_1_15,168,10,521.47,263.06,610.75,392.53,0.7509,578.73,282.07,0.904,581.54,279.47,0.6764,576.79,279.26,0.8503,583.8,278.93,0.4264,571.15,277.65,0.7584,583.4,292.81,0.9748,560.14,286.83,0.991,590.37,311.72,0.9148,547.21,296.46,0.9777,597.6,314.47,0.88,539.54,307.71,0.9559,574.13,325.31,0.9902,559.16,324.2,0.9942,581.68,352.47,0.9774,566.94,352.86,0.987,593.66,370.42,0.9416,578.72,375.69,0.9589
Moguls_Frauen_Final_1_15,169,10,525.88,259.48,618.07,395.0,0.8305,580.22,279.68,0.9374,583.23,276.81,0.7842,578.3,276.62,0.8989,585.22,275.72,0.5111,572.0,274.28,0.8128,584.46,288.93,0.9849,559.3,285.82,0.9938,591.79,306.61,0.9412,544.7,299.02,0.9809,599.41,313.13,0.9067,545.02,310.64,0.9606,578.1,324.97,0.9942,562.21,325.89,0.996,589.19,353.97,0.9842,573.27,356.73,0.9901,601.56,376.97,0.9499,586.8,382.33,0.9636
Moguls_Frauen_Final_1_15,170,10,529.66,257.53,622.42,395.75,0.8024,581.89,286.0,0.9386,584.76,282.77,0.7796,579.32,282.77,0.9131,586.65,278.75,0.4828,571.57,278.21,0.8309,585.69,288.53,0.9791,559.41,286.17,0.9927,592.54,306.32,0.9167,545.76,300.22,0.9786,603.03,313.77,0.8827,549.19,311.18,0.9578,580.95,321.84,0.9903,564.45,323.07,0.9942,589.32,349.91,0.9777,574.41,353.3,0.9869,600.42,372.44,0.9385,589.55,379.14,0.9559
Moguls_Frauen_Final_1_15,171,10,534.39,257.26,622.87,389.98,0.6285,580.24,288.94,0.9224,583.38,285.82,0.7577,577.68,285.71,0.8897,586.81,282.25,0.4806,571.29,281.5,0.7865,586.98,291.35,0.9711,561.49,289.08,0.9902,593.97,307.95,0.8984,548.76,302.03,0.9748,604.32,314.67,0.865,552.4,309.31,0.9528,584.07,323.64,0.9866,567.75,324.85,0.9922,592.89,346.78,0.9694,576.17,351.22,0.9826,598.09,367.26,0.9213,586.08,376.3,0.9445
Moguls_Frauen_Final_1_15,172,10,540.05,260.03,621.75,382.1,0.7893,579.45,292.67,0.9336,582.56,288.96,0.8273,576.38,289.4,0.8777,586.23,284.64,0.5941,569.0,285.12,0.7203,586.83,294.16,0.9819,559.61,293.37,0.9852,596.31,310.65,0.942,548.58,306.53,0.9535,608.54,323.15,0.9121,555.87,314.77,0.9275,582.77,323.95,0.9836,566.08,325.56,0.9848,583.57,344.78,0.955,570.51,349.12,0.9584,593.35,361.66,0.8721,586.53,367.19,0.8766
Moguls_Frauen_Final_1_15,173,10,544.57,262.0,620.61,373.61,0.6709,579.2,293.12,0.9213,581.72,289.94,0.7679,576.27,289.84,0.9189,585.26,285.93,0.2859,570.31,285.21,0.8165,585.47,290.61,0.9754,560.66,290.09,0.9937,596.91,303.56,0.888,549.08,304.21,0.9834,612.67,314.19,0.8681,554.52,313.88,0.9649,578.46,320.08,0.9823,562.72,320.59,0.9914,585.4,338.27,0.9275,566.18,338.74,0.9625,590.05,354.28,0.8087,569.66,355.3,0.8778
Moguls_Frauen_Final_1_15,174,10,549.16,264.74,616.77,359.94,0.3467,577.65,288.59,0.1015,576.05,285.82,0.0591,577.4,286.37,0.0656,568.59,283.15,0.617,576.94,284.62,0.5636,561.05,292.41,0.9722,583.3,292.56,0.9722,550.12,302.68,0.9251,603.14,296.1,0.9134,549.08,315.07,0.8187,615.56,297.27,0.7669,563.37,326.21,0.9649,576.49,326.53,0.9636,566.35,342.25,0.7407,581.62,342.47,0.7206,565.66,350.68,0.3903,578.02,351.34,0.3741
Moguls_Frauen_Final_1_15,175,10,545.49,262.73,621.19,367.78,0.3176,575.15,290.62,0.9188,577.89,286.96,0.8106,571.4,287.64,0.8777,582.56,282.97,0.5223,564.39,284.57,0.6979,586.02,287.95,0.9528,557.34,292.82,0.9697,601.66,288.59,0.8658,543.28,305.64,0.9185,615.89,283.84,0.8341,549.07,321.38,0.8817,584.16,319.2,0.9403,566.21,322.76,0.9504,585.84,343.17,0.8221,569.53,350.05,0.8489,583.25,357.54,0.6007,571.9,366.08,0.6244
Moguls_Frauen_Final_1_15,176,10,541.08,259.81,622.18,371.96,0.729,572.5,281.76,0.9212,573.82,278.33,0.7911,569.33,279.41,0.8507,576.15,274.92,0.5337,563.29,277.49,0.6981,582.53,281.01,0.979,556.25,287.92,0.9833,598.59,281.97,0.9406,544.26,303.31,0.9532,612.94,282.63,0.9133,546.36,319.25,0.9267,577.9,318.86,0.9803,562.04,321.82,0.9811,573.91,345.04,0.9281,563.2,347.2,0.9343,568.76,366.17,0.7693,561.97,364.67,0.7825
Moguls_Frauen_Final_1_15,177,10,535.47,255.46,624.27,379.41,0.8322,570.07,282.35,0.9338,571.94,278.8,0.8163,566.58,279.69,0.8708,575.7,273.44,0.5605,560.16,275.84,0.6976,582.26,277.62,0.9822,552.6,284.39,0.9861,598.65,280.9,0.9487,542.07,302.66,0.9621,611.39,282.22,0.9226,546.61,319.97,0.9356,576.54,319.31,0.9886,557.89,322.07,0.9897,570.26,348.07,0.9622,554.37,351.36,0.9658,563.83,371.06,0.872,553.96,373.39,0.8772
Moguls_Frauen_Final_1_15,178,10,532.64,251.53,621.81,376.9,0.6999,565.53,277.62,0.9317,567.77,274.41,0.8191,562.05,274.8,0.8745,572.84,270.28,0.5628,556.51,271.73,0.6932,580.09,274.78,0.9776,550.6,280.53,0.9849,597.38,278.05,0.9311,541.13,300.04,0.9597,610.41,277.82,0.8992,545.09,318.71,0.9292,573.96,310.63,0.9854,555.08,312.61,0.988,571.23,334.97,0.9582,552.04,337.34,0.9661,557.8,355.94,0.8786,545.03,358.9,0.8911
Moguls_Frauen_Final_1_15,179,10,524.74,246.91,617.48,379.03,0.7628,562.9,271.8,0.9403,565.35,268.5,0.8506,559.55,268.62,0.8741,570.87,265.38,0.6296,555.14,266.24,0.6678,578.71,274.45,0.9831,551.27,277.6,0.9855,593.79,281.49,0.9438,540.44,295.05,0.9567,603.51,283.95,0.9099,540.6,310.38,0.9241,572.45,318.24,0.989,554.64,318.56,0.99,566.56,341.21,0.9678,548.49,341.33,0.9712,551.37,361.42,0.9051,538.26,361.57,0.9103
Moguls_Frauen_Final_1_15,180,10,518.68,243.66,613.98,381.33,0.8814,561.22,261.96,0.9604,564.16,259.17,0.8988,558.37,258.86,0.8908,570.48,259.75,0.7293,555.79,259.48,0.6554,579.42,274.97,0.9918,552.92,274.96,0.9893,596.15,283.13,0.9698,540.58,290.8,0.963,599.41,280.97,0.9457,536.42,305.97,0.9388,570.27,318.1,0.9928,553.48,316.56,0.9922,565.78,342.78,0.9759,550.02,341.15,0.9753,550.75,362.18,0.9187,537.42,362.0,0.9173
Moguls_Frauen_Final_1_15,181,10,518.89,242.93,611.2,378.03,0.7443,560.65,268.64,0.9367,563.82,265.42,0.8747,558.3,265.61,0.8348,571.19,262.93,0.7314,556.76,263.3,0.5715,580.71,275.18,0.986,554.01,275.24,0.9816,597.1,286.07,0.959,541.33,288.88,0.9423,593.55,285.95,0.9342,535.31,305.72,0.9118,570.48,321.45,0.986,553.82,320.09,0.9837,558.5,351.13,0.9397,544.01,351.63,0.9338,550.34,367.32,0.7859,538.97,369.19,0.7763
Moguls_Frauen_Final_1_15,182,10,521.29,245.49,607.3,373.17,0.8102,565.22,274.0,0.9304,567.4,270.69,0.8503,562.33,271.17,0.8434,572.21,266.53,0.6536,558.06,267.72,0.6174,580.96,275.69,0.9824,553.42,277.02,0.9798,593.37,289.97,0.9484,542.79,292.12,0.9373,587.83,295.55,0.9191,535.88,304.88,0.9069,574.07,316.54,0.9815,556.8,316.21,0.9796,568.0,341.74,0.9352,552.24,341.33,0.9316,563.62,359.14,0.8017,551.29,357.74,0.7985
Moguls_Frauen_Final_1_15,183,10,520.25,247.83,602.45,370.68,0.8345,567.2,276.04,0.9224,569.39,272.57,0.8632,563.93,272.64,0.867,573.39,268.34,0.5516,558.55,268.55,0.5891,580.95,276.87,0.9864,551.99,277.11,0.9936,592.51,288.92,0.9619,540.94,288.29,0.9814,585.29,294.23,0.9509,530.09,293.54,0.9692,574.32,319.11,0.9915,556.55,319.2,0.9943,570.16,342.6,0.9564,555.07,342.84,0.9649,564.65,358.24,0.8348,552.29,358.82,0.8571
Moguls_Frauen_Final_1_15,184,10,520.48,250.77,598.8,368.16,0.851,570.41,273.79,0.916,572.46,271.02,0.848,567.71,270.72,0.8702,575.53,268.94,0.5441,562.04,267.96,0.6422,581.37,278.27,0.9867,554.16,275.95,0.994,590.23,293.88,0.9511,540.27,286.53,0.9782,582.69,301.22,0.9302,529.37,291.05,0.9599,574.13,313.13,0.9912,557.18,312.16,0.9942,572.94,332.04,0.9623,556.59,331.34,0.9703,568.9,354.67,0.8886,555.87,354.21,0.9046
Moguls_Frauen_Final_1_15,185,10,521.06,252.77,597.6,367.59,0.8753,573.75,275.31,0.8662,575.79,272.8,0.7475,571.49,272.13,0.816,578.21,270.8,0.4074,565.93,268.86,0.6069,582.06,278.86,0.9804,557.14,275.23,0.9929,590.52,294.26,0.9416,542.24,284.78,0.9814,586.82,303.87,0.9239,529.91,292.22,0.9659,574.31,310.04,0.9925,559.09,308.7,0.9956,575.66,328.79,0.9755,562.1,327.66,0.983,573.63,353.04,0.9339,563.42,352.05,0.9484
Moguls_Frauen_Final_1_15,186,10,521.77,254.63,599.15,370.64,0.8055,577.15,279.21,0.9146,579.37,276.54,0.8135,574.6,275.87,0.8676,581.9,273.89,0.4364,568.37,272.07,0.6472,584.13,281.09,0.9762,560.15,277.81,0.9898,591.35,295.2,0.9031,544.13,286.97,0.9595,583.12,303.84,0.8811,532.12,295.96,0.9332,575.91,310.56,0.9848,561.55,309.41,0.9896,577.54,330.52,0.9609,567.63,329.38,0.9694,575.71,355.83,0.9012,573.23,354.79,0.9168
Moguls_Frauen_Final_1_15,187,10,520.8,253.91,606.72,384.2,0.7875,579.73,275.49,0.94,581.94,273.11,0.7841,577.43,272.49,0.8961,584.16,271.27,0.4808,571.01,269.53,0.7927,588.3,281.53,0.9822,560.21,277.83,0.9941,597.28,294.74,0.9342,546.33,287.02,0.9832,597.42,303.91,0.9083,535.95,296.51,0.9674,580.06,316.56,0.9934,562.5,314.64,0.996,584.06,343.64,0.9861,567.52,337.21,0.992,585.12,371.6,0.9643,574.83,363.76,0.9762
Moguls_Frauen_Final_1_15,188,10,522.31,253.29,613.42,392.96,0.8727,584.55,273.19,0.892,585.3,270.68,0.6219,581.8,269.87,0.8523,584.04,269.36,0.3224,572.95,268.05,0.7883,586.79,281.64,0.9685,561.63,278.03,0.9897,600.61,295.27,0.9015,546.15,288.61,0.9783,606.29,304.25,0.8711,538.48,303.07,0.9602,580.72,323.61,0.9868,565.99,322.93,0.9925,591.31,352.98,0.9552,582.98,352.2,0.9753,581.26,379.68,0.8547,579.62,380.16,0.8965
Moguls_Frauen_Final_1_15,189,10,529.22,251.98,618.97,390.53,0.8281,583.18,280.58,0.9468,585.17,277.19,0.8067,579.71,276.95,0.9186,587.51,273.06,0.4616,571.28,272.72,0.8147,590.87,284.5,0.9781,561.02,283.67,0.9907,606.16,298.84,0.9166,546.35,297.4,0.9735,612.89,304.36,0.8882,544.44,305.28,0.955,585.53,328.87,0.9838,567.69,330.07,0.9893,597.4,352.64,0.9484,586.55,355.39,0.9673,589.5,371.64,0.8497,588.09,375.96,0.8846
Moguls_Frauen_Final_1_15,190,10,536.0,252.04,623.52,387.94,0.8228,583.46,278.21,0.9648,585.89,275.14,0.8584,580.22,275.22,0.9428,588.63,271.62,0.5259,572.57,271.79,0.8461,591.03,281.77,0.985,562.03,282.66,0.9937,603.8,293.22,0.9332,550.89,296.88,0.9789,613.6,299.52,0.906,551.45,306.57,0.9618,584.03,320.95,0.9892,566.33,322.71,0.9929,596.65,343.35,0.9728,581.84,345.69,0.9829,596.67,367.59,0.9278,587.76,371.62,0.9463
Moguls_Frauen_Final_1_15,191,10,539.47,252.4,625.68,387.42,0.832,582.96,277.68,0.9647,585.81,274.75,0.8961,580.16,274.67,0.9254,589.07,272.19,0.6529,573.85,271.65,0.7799,591.78,282.7,0.989,564.06,281.66,0.9914,604.17,293.83,0.9551,551.75,292.7,0.965,612.02,299.05,0.9255,551.23,302.33,0.94,585.27,319.88,0.9902,568.26,320.48,0.9906,593.18,347.61,0.9734,579.97,347.25,0.9764,599.28,372.14,0.9193,590.06,371.18,0.9275
Moguls_Frauen_Final_1_15,192,10,543.16,254.28,623.41,380.23,0.7942,583.95,280.91,0.8831,586.04,277.49,0.6856,581.15,277.32,0.8569,588.53,272.75,0.2424,574.89,271.94,0.7008,590.15,279.75,0.974,564.58,280.11,0.9925,600.88,292.92,0.9322,553.89,296.68,0.9869,611.24,299.74,0.9276,557.18,305.99,0.9764,585.59,324.38,0.9893,570.1,325.6,0.9944,587.81,351.53,0.9468,578.56,352.88,0.9696,588.54,367.82,0.798,581.09,369.62,0.8601
Moguls_Frauen_Final_1_15,193,10,546.26,256.39,622.02,375.5,0.6717,586.84,275.76,0.8925,588.52,273.08,0.6881,584.08,272.9,0.8928,589.89,273.27,0.2352,576.59,272.3,0.8026,589.49,284.01,0.9655,567.19,283.29,0.9892,599.68,296.45,0.8459,554.62,295.92,0.9701,611.43,306.15,0.8189,555.82,303.28,0.9418,584.53,319.39,0.977,570.77,319.95,0.9873,589.45,340.33,0.9129,578.01,341.24,0.9493,588.57,359.75,0.7812,578.61,361.55,0.848
Moguls_Frauen_Final_1_15,194,10,548.09,258.85,618.37,368.88,0.2755,580.68,272.82,0.144,580.67,270.59,0.0596,581.0,270.71,0.1096,575.54,271.35,0.2919,582.39,271.95,0.5537,569.15,282.2,0.9331,581.8,283.78,0.9623,561.31,296.19,0.7887,581.87,299.19,0.9048,569.61,305.47,0.6446,587.39,307.63,0.77,568.81,315.82,0.9712,578.05,316.66,0.9789,567.08,334.4,0.909,583.49,334.98,0.9294,566.41,352.93,0.7932,586.25,353.89,0.827
Moguls_Frauen_Final_1_15,197,10,543.36,255.91,620.55,374.93,0.3379,571.59,278.44,0.4938,572.32,275.21,0.2766,570.65,275.67,0.3661,569.43,273.21,0.4241,571.19,274.02,0.5279,561.41,284.57,0.9143,578.19,280.58,0.9367,546.65,300.41,0.799,598.65,286.1,0.8767,545.04,308.4,0.7056,620.26,279.72,0.7963,559.69,325.82,0.9586,567.71,324.14,0.9661,555.88,346.12,0.9169,566.02,347.22,0.9354,551.91,367.63,0.8277,561.67,371.81,0.8476
Moguls_Frauen_Final_1_15,199,10,526.88,247.74,621.37,394.96,0.7409,562.64,266.63,0.4313,563.1,263.15,0.2321,562.69,263.51,0.2321,560.07,262.59,0.5117,566.67,262.98,0.4578,552.63,278.11,0.9581,577.21,272.25,0.9579,538.68,295.84,0.9111,598.17,281.65,0.9191,541.59,308.73,0.8455,610.95,280.49,0.8644,552.77,322.36,0.986,565.8,318.53,0.9871,538.46,352.95,0.962,549.46,350.06,0.9661,542.15,381.06,0.8785,546.85,379.94,0.8831
Moguls_Frauen_Final_1_15,200,10,520.06,244.85,613.86,391.04,0.702,561.78,266.44,0.9199,564.37,263.67,0.8023,559.46,263.79,0.8045,569.13,260.46,0.6166,555.25,260.35,0.5967,574.67,268.63,0.9897,549.76,269.33,0.9889,590.08,279.89,0.9732,537.0,285.16,0.9705,602.7,286.18,0.9538,534.27,303.75,0.949,567.71,306.11,0.9971,552.09,306.22,0.9969,554.82,334.3,0.9927,538.03,338.27,0.9926,549.17,361.41,0.9744,532.52,368.43,0.9743
Moguls_Frauen_Final_1_15,201,10,514.24,242.46,602.26,378.73,0.5513,559.86,264.73,0.8885,561.78,261.89,0.7423,557.37,261.75,0.765,566.47,259.13,0.55,554.24,259.05,0.5679,573.62,268.68,0.9799,549.59,267.6,0.9832,583.21,279.87,0.9495,536.92,282.61,0.9609,591.65,285.78,0.9181,530.8,303.47,0.9305,564.53,306.94,0.9927,548.75,304.97,0.9932,557.23,331.66,0.9801,534.81,328.19,0.9823,546.15,357.43,0.9393,520.08,353.72,0.9441
Moguls_Frauen_Final_1_15,202,10,502.69,241.43,587.59,375.24,0.6826,557.25,262.11,0.7749,559.06,259.51,0.5251,555.39,259.21,0.6687,563.27,258.79,0.374,553.5,257.88,0.569,568.52,271.66,0.9344,549.18,266.85,0.9782,566.1,292.83,0.8331,536.53,281.44,0.9592,561.94,317.71,0.7637,528.19,302.76,0.9152,559.46,308.32,0.9843,546.26,304.65,0.9912,549.44,333.24,0.9686,529.89,328.8,0.9828,534.22,360.78,0.9327,514.18,357.93,0.9545
Moguls_Frauen_Final_1_15,203,10,507.83,242.71,589.15,370.61,0.8179,556.58,268.26,0.9131,558.6,265.35,0.8102,553.87,265.06,0.8119,563.91,262.21,0.6324,550.59,262.05,0.6116,571.18,271.47,0.9834,548.13,269.54,0.9855,579.7,282.84,0.9537,533.55,282.29,0.9626,583.12,287.23,0.9279,525.41,302.91,0.9366,564.69,303.55,0.9924,550.41,301.37,0.9929,555.0,331.38,0.9776,539.79,328.75,0.9799,539.59,355.35,0.9234,524.96,353.34,0.9291
Moguls_Frauen_Final_1_15,204,10,511.43,244.96,588.21,365.59,0.8164,558.62,273.58,0.6987,559.39,270.41,0.5183,557.36,270.32,0.5303,557.06,265.92,0.3956,555.43,265.78,0.4047,559.93,272.37,0.9664,553.36,272.44,0.9828,564.79,282.0,0.9224,547.25,283.01,0.9596,562.76,289.4,0.9108,538.8,296.51,0.9371,555.66,310.8,0.9875,552.57,309.94,0.9912,542.11,333.44,0.9596,541.34,332.04,0.9662,531.32,353.71,0.8751,531.49,352.54,0.892
Moguls_Frauen_Final_1_15,205,10,513.68,248.61,585.42,360.64,0.6786,561.29,266.24,0.3991,560.62,263.18,0.1738,561.38,263.83,0.2444,553.49,262.49,0.4226,563.14,264.05,0.5673,545.16,270.7,0.9602,567.7,275.6,0.9712,531.13,279.59,0.9177,577.72,290.2,0.9423,521.54,282.14,0.8595,579.06,288.64,0.8943,547.12,303.15,0.9855,560.44,304.82,0.9874,543.7,327.27,0.9596,554.71,330.78,0.9659,539.72,345.5,0.8766,549.26,349.93,0.8879
Moguls_Frauen_Final_1_15,206,10,514.73,250.69,583.3,356.85,0.7912,565.01,270.38,0.0562,563.14,267.77,0.019,565.0,268.1,0.0513,553.68,265.24,0.3232,565.19,267.4,0.7133,547.52,271.7,0.9719,569.69,276.43,0.9917,531.69,278.31,0.908,577.69,290.17,0.984,521.0,280.73,0.7975,580.88,297.08,0.9359,547.45,302.81,0.9954,561.74,304.09,0.9978,543.72,322.41,0.9831,561.43,323.08,0.9908,539.57,339.48,0.95,557.17,341.3,0.9682
Moguls_Frauen_Final_1_15,207,10,514.14,251.24,584.22,359.49,0.7611,566.27,270.13,0.7924,567.2,268.14,0.5752,564.3,267.51,0.7405,567.37,266.91,0.2752,558.95,265.02,0.5884,570.78,275.4,0.9683,551.21,270.36,0.9902,578.28,290.11,0.9077,536.37,277.2,0.9805,576.08,297.37,0.8883,522.37,282.38,0.9632,560.09,305.3,0.9919,548.02,302.82,0.9956,563.25,328.2,0.9782,547.79,325.83,0.9868,562.12,348.13,0.9407,543.54,345.78,0.9582
Moguls_Frauen_Final_1_15,208,10,514.01,251.74,585.13,361.49,0.7443,569.08,272.07,0.1765,567.7,268.82,0.062,568.67,269.52,0.1411,556.6,264.54,0.4286,567.56,267.93,0.7525,548.7,271.69,0.983,571.88,278.02,0.9939,532.56,283.93,0.9302,581.34,296.03,0.9818,520.12,287.38,0.8489,578.55,300.5,0.935,546.62,307.6,0.9943,561.02,309.7,0.9968,549.65,327.81,0.9767,563.83,329.18,0.9856,552.37,345.08,0.9253,562.51,347.86,0.9474
Moguls_Frauen_Final_1_15,209,10,513.91,249.73,589.28,366.62,0.7889,568.17,271.73,0.1995,567.66,268.02,0.084,568.1,268.88,0.1358,558.59,262.63,0.5253,569.52,266.5,0.7047,550.69,270.4,0.9846,574.47,277.38,0.9939,534.72,285.03,0.9356,584.08,297.14,0.9795,524.3,285.37,0.8547,579.68,296.55,0.9273,547.64,311.62,0.9931,562.85,314.14,0.9959,549.49,329.15,0.9697,566.01,331.03,0.9798,553.34,346.28,0.8979,565.84,349.26,0.9236
Moguls_Frauen_Final_1_15,210,10,516.09,247.98,591.62,365.51,0.817,568.63,271.7,0.8424,570.82,268.61,0.6749,566.51,267.4,0.7405,569.8,265.19,0.3978,560.96,262.22,0.5152,570.99,274.85,0.9787,553.15,270.27,0.9875,580.74,292.42,0.9385,541.17,284.99,0.9633,579.75,290.67,0.9222,530.55,289.61,0.9418,558.2,313.29,0.9898,547.76,311.14,0.9921,564.12,331.83,0.9703,554.17,329.46,0.9741,565.65,346.72,0.9141,553.85,343.69,0.9202
Moguls_Frauen_Final_1_15,211,10,518.93,246.06,594.83,364.81,0.8389,569.96,270.7,0.8795,572.24,267.76,0.7121,567.35,266.93,0.8429,574.42,264.29,0.3013,561.19,261.96,0.6565,575.62,271.75,0.9759,552.61,268.52,0.9925,585.62,287.25,0.9298,539.97,282.64,0.9843,587.78,290.66,0.9203,530.29,290.81,0.9718,564.59,308.44,0.9885,550.8,307.3,0.9938,566.97,330.77,0.9486,558.57,329.89,0.9687,563.98,350.61,0.8349,557.35,349.87,0.8809
Moguls_Frauen_Final_1_15,212,10,521.29,244.96,600.46,370.47,0.8671,570.33,269.21,0.9327,572.35,266.64,0.7852,568.14,266.2,0.8721,574.26,264.1,0.4995,562.68,262.66,0.7332,575.82,275.94,0.9818,552.86,270.33,0.9896,584.8,290.44,0.9416,538.27,278.98,0.9701,589.0,290.8,0.9173,533.14,291.46,0.9513,567.03,312.69,0.9892,553.43,311.2,0.9914,571.81,333.72,0.9731,562.69,332.62,0.9798,573.42,355.8,0.9291,566.4,356.98,0.9415
Moguls_Frauen_Final_1_15,213,10,524.06,244.76,602.9,371.02,0.851,570.18,272.09,0.93,572.69,268.74,0.7772,567.3,268.27,0.9171,575.59,264.18,0.2902,560.8,262.53,0.7983,575.28,271.15,0.9821,550.05,270.48,0.9956,583.74,285.33,0.9243,536.99,288.18,0.9881,592.2,293.31,0.9173,540.02,302.6,0.9769,570.17,312.16,0.9919,554.62,313.05,0.9961,577.03,335.54,0.9694,566.14,336.57,0.9838,576.46,354.48,0.9027,567.36,355.74,0.9375
Moguls_Frauen_Final_1_15,214,10,526.42,246.7,603.44,370.47,0.8082,569.76,272.86,0.9194,571.64,269.83,0.7493,567.24,269.52,0.8724,573.4,266.87,0.4441,561.07,265.94,0.7535,575.88,278.2,0.9694,551.27,274.82,0.9862,583.74,292.31,0.906,535.02,285.25,0.9665,593.22,296.52,0.8791,541.08,296.75,0.946,573.23,316.99,0.9774,557.64,317.37,0.9842,582.39,340.47,0.9279,567.77,342.55,0.9519,579.3,360.8,0.7967,564.98,364.17,0.8398
Moguls_Frauen_Final_1_15,215,10,529.8,249.72,603.2,367.0,0.7267,566.01,274.78,0.8843,567.74,272.03,0.734,563.95,271.76,0.7728,570.03,269.56,0.5184,559.33,268.74,0.5935,574.9,280.09,0.9721,550.47,276.84,0.9721,585.21,295.34,0.9351,537.17,287.02,0.9351,594.83,306.65,0.9043,541.13,297.06,0.9077,569.24,320.1,0.9679,553.84,319.38,0.9666,571.36,347.11,0.8601,557.46,346.09,0.8604,568.9,364.9,0.5966,555.43,361.85,0.598
Moguls_Frauen_Final_1_15,216,10,533.56,254.56,602.55,363.06,0.5686,565.88,276.72,0.6608,566.96,274.24,0.377,564.02,274.11,0.6103,568.42,272.52,0.1619,559.69,271.77,0.5452,569.62,281.18,0.9419,551.36,279.4,0.9783,579.01,293.92,0.8637,536.7,291.44,0.9661,595.71,303.2,0.8456,541.66,300.15,0.9404,561.86,317.85,0.9797,552.16,317.57,0.9879,565.82,337.95,0.9215,565.49,337.78,0.952,556.59,355.79,0.7827,562.97,355.82,0.8457
Moguls_Frauen_Final_1_15,217,10,530.95,258.2,605.92,376.33,0.683,561.44,278.48,0.0403,560.6,275.71,0.0194,562.46,276.33,0.0268,555.07,273.39,0.3444,566.18,275.2,0.4201,548.35,281.31,0.9559,569.33,283.52,0.9743,536.54,293.34,0.9181,584.01,293.09,0.9602,539.52,300.58,0.8273,600.04,291.58,0.8817,549.98,318.85,0.991,561.66,320.1,0.9935,556.85,345.43,0.9562,564.94,346.59,0.9659,559.04,366.5,0.8524,560.68,368.07,0.8754
Moguls_Frauen_Final_1_15,219,10,516.9,259.38,588.73,376.87,0.5988,556.47,278.78,0.5345,557.54,276.36,0.3112,554.85,276.46,0.498,559.6,273.41,0.159,551.14,273.46,0.4537,563.51,278.48,0.9088,542.96,279.24,0.9681,568.29,290.34,0.7821,532.01,293.66,0.9476,567.13,294.43,0.7608,534.29,303.24,0.9109,558.68,311.3,0.9822,546.08,311.81,0.9901,556.05,338.0,0.9585,546.21,338.59,0.9749,548.65,361.87,0.9084,542.58,362.9,0.9365
Moguls_Frauen_Final_1_15,220,10,512.12,257.49,583.17,377.89,0.7204,555.04,274.81,0.103,554.26,271.89,0.0491,555.02,272.48,0.0639,548.15,269.39,0.3633,558.63,270.51,0.4677,539.28,278.96,0.9415,562.83,278.86,0.9628,525.48,295.27,0.8037,567.82,289.73,0.877,529.71,310.65,0.646,565.75,298.62,0.7142,542.61,317.05,0.9863,557.42,317.25,0.9886,540.69,339.76,0.9753,550.45,339.87,0.9769,544.21,360.8,0.9449,548.17,361.11,0.9471
Moguls_Frauen_Final_1_15,221,10,518.58,255.71,589.04,373.7,0.4656,552.74,277.04,0.5903,553.61,273.83,0.3656,551.97,274.07,0.4623,550.77,269.06,0.3074,551.58,269.6,0.4579,551.71,274.27,0.9674,547.5,276.2,0.9869,559.53,280.93,0.931,543.92,286.29,0.9772,572.31,290.36,0.9208,546.03,301.53,0.9584,550.2,312.84,0.9932,548.6,313.41,0.9959,542.75,335.23,0.9805,538.78,334.98,0.9863,540.8,351.94,0.9371,535.5,352.06,0.952
Moguls_Frauen_Final_1_15,222,10,517.66,252.16,589.16,370.98,0.7367,549.88,278.98,0.9289,552.73,274.6,0.8372,545.9,275.1,0.9074,558.39,268.62,0.3978,541.19,269.71,0.7077,562.8,275.34,0.9721,537.49,277.55,0.9929,575.3,279.6,0.8922,525.69,288.63,0.9826,586.67,284.03,0.8978,527.95,302.71,0.9711,556.7,317.28,0.9886,542.28,317.83,0.9947,541.31,337.87,0.9692,531.97,337.91,0.983,532.9,351.4,0.916,527.95,351.82,0.946
Moguls_Frauen_Final_1_15,223,10,511.6,249.31,581.91,366.14,0.5519,551.67,272.07,0.8065,553.43,268.93,0.5587,548.64,268.88,0.8094,555.97,265.47,0.1879,543.71,265.14,0.7044,559.32,271.84,0.9524,538.0,272.43,0.9915,570.55,281.37,0.8378,529.24,287.12,0.9861,581.53,287.71,0.8418,526.82,301.75,0.9725,552.08,305.46,0.9883,539.82,305.46,0.9956,543.86,329.43,0.9662,536.27,329.39,0.986,528.63,349.22,0.9161,523.47,349.9,0.9563
Moguls_Frauen_Final_1_15,224,10,508.78,247.52,580.2,365.3,0.7516,552.51,270.97,0.9259,554.31,268.09,0.7605,549.53,268.05,0.8864,557.03,265.78,0.4413,543.5,265.47,0.7791,561.37,274.59,0.9691,538.18,274.11,0.9905,572.27,280.83,0.8934,526.28,285.04,0.9767,580.14,282.94,0.8658,524.02,300.02,0.9566,553.18,309.59,0.9861,538.13,308.61,0.992,546.68,332.81,0.9648,531.65,332.15,0.9811,531.15,350.35,0.9091,518.25,350.4,0.9397
Moguls_Frauen_Final_1_15,225,10,506.68,246.61,579.84,366.87,0.7276,553.08,271.79,0.946,555.19,268.9,0.8109,549.64,268.55,0.914,558.49,266.44,0.4549,542.58,265.83,0.7751,563.01,276.95,0.9712,536.09,276.56,0.9889,571.04,284.14,0.8929,525.97,293.62,0.969,570.54,272.89,0.852,521.04,304.97,0.9414,552.61,320.57,0.9798,534.95,318.65,0.9875,544.85,341.71,0.9431,525.65,337.87,0.9648,530.8,358.96,0.8665,514.84,355.75,0.8989
Moguls_Frauen_Final_1_15,226,10,510.09,247.24,579.89,362.25,0.802,553.51,274.31,0.9279,555.67,270.94,0.8504,550.12,270.85,0.8984,559.13,265.99,0.4728,544.45,265.74,0.6963,564.04,272.38,0.9783,538.54,272.65,0.9924,573.97,286.77,0.9102,529.59,288.96,0.9747,570.48,298.19,0.8878,520.69,305.05,0.9528,555.88,309.94,0.9803,540.58,309.82,0.9887,546.8,336.27,0.8987,536.04,336.33,0.9317,536.08,354.49,0.7002,528.92,355.18,0.7658
Moguls_Frauen_Final_1_15,227,10,511.55,248.47,580.57,362.43,0.8321,555.32,274.72,0.9456,557.48,271.7,0.8542,552.41,271.64,0.8976,561.16,268.13,0.5816,546.27,267.86,0.72,566.15,277.82,0.977,539.62,275.81,0.9832,574.58,291.8,0.9262,527.23,289.11,0.9502,569.55,294.47,0.893,521.03,304.5,0.9194,556.13,315.74,0.9712,538.97,313.9,0.975,547.28,342.08,0.8904,530.14,340.19,0.9037,542.06,359.72,0.6889,525.75,357.6,0.707
Moguls_Frauen_Final_1_15,228,10,516.28,253.1,579.08,355.7,0.4104,555.1,273.98,0.8869,556.86,271.55,0.797,552.62,271.48,0.8164,560.02,269.08,0.5142,548.32,268.76,0.5614,566.58,275.43,0.9788,540.76,274.69,0.9874,574.33,288.3,0.9289,529.33,286.53,0.9611,572.34,291.81,0.8998,527.52,291.18,0.9342,558.21,303.02,0.9832,541.58,302.4,0.9876,556.3,325.01,0.9382,534.61,324.49,0.9482,549.1,344.41,0.8196,526.47,344.04,0.8382
Moguls_Frauen_Final_1_15,230,10,520.62,255.03,576.16,341.94,0.4132,560.56,274.12,0.8253,562.15,272.05,0.733,558.91,271.6,0.7164,564.77,270.31,0.4706,555.32,268.99,0.4449,569.38,277.08,0.9639,549.04,273.32,0.9735,577.16,287.68,0.8896,533.21,277.22,0.9067,578.44,297.44,0.848,520.92,281.73,0.8607,561.41,300.91,0.9754,548.97,299.06,0.9779,563.93,314.96,0.9365,548.49,312.99,0.9374,561.15,333.48,0.8629,546.08,331.13,0.8661
Moguls_Frauen_Final_1_15,231,10,526.33,254.11,588.35,353.22,0.4398,563.49,272.89,0.1591,563.33,270.12,0.0943,563.38,270.62,0.0989,558.67,268.25,0.5856,566.72,270.39,0.5874,552.46,275.88,0.9766,572.49,279.68,0.9846,537.64,286.48,0.9193,581.42,293.35,0.9477,530.12,288.82,0.807,581.22,295.11,0.8482,553.13,306.33,0.9863,565.02,307.62,0.9894,556.15,328.5,0.9406,566.03,329.49,0.9493,558.02,344.52,0.8202,563.0,345.91,0.839
Moguls_Frauen_Final_1_15,232,10,522.19,251.03,588.91,357.45,0.7016,563.45,271.98,0.9002,565.8,269.71,0.8092,561.77,269.02,0.7561,570.91,265.92,0.6551,559.03,264.27,0.5122,576.78,274.11,0.9842,552.54,267.61,0.9758,581.98,291.68,0.962,537.28,275.46,0.9332,574.17,296.65,0.9392,528.69,286.75,0.9109,569.36,302.79,0.988,554.49,299.81,0.9849,570.0,324.3,0.9685,557.65,320.18,0.9623,569.09,346.23,0.9062,560.15,342.55,0.8985
Moguls_Frauen_Final_1_15,233,10,524.39,246.31,592.15,355.18,0.6692,567.8,265.39,0.5847,568.07,262.93,0.3828,566.91,262.67,0.428,565.73,259.57,0.4173,565.93,259.34,0.4974,565.16,266.41,0.9656,566.75,265.73,0.9803,562.88,279.75,0.9011,565.89,278.92,0.9458,560.45,286.57,0.8549,563.31,286.89,0.9007,563.27,300.46,0.9772,564.67,299.91,0.9834,567.14,318.58,0.9185,568.05,317.56,0.9358,567.47,334.73,0.7834,564.42,333.43,0.8164
Moguls_Frauen_Final_1_15,234,10,528.49,242.45,595.58,351.51,0.7898,569.61,262.53,0.8571,571.33,259.86,0.73,567.27,259.55,0.8004,573.89,256.97,0.4112,561.95,255.84,0.6101,577.8,264.09,0.9762,554.42,262.57,0.9886,584.43,279.91,0.9199,544.15,277.27,0.9646,583.24,287.19,0.8914,542.31,286.03,0.9372,574.84,296.52,0.9855,560.66,296.39,0.9901,577.24,318.21,0.9428,566.76,318.13,0.9561,576.04,337.34,0.8427,570.6,337.21,0.8679
Moguls_Frauen_Final_1_15,235,10,531.48,238.02,597.94,347.28,0.7013,567.49,251.12,0.8671,569.91,249.0,0.7735,565.87,248.72,0.7987,573.47,249.95,0.527,562.71,249.07,0.5836,578.27,261.42,0.9839,554.99,260.0,0.9919,584.91,276.49,0.9469,543.83,272.84,0.9751,587.55,287.96,0.9224,543.49,284.62,0.9529,574.87,292.2,0.9914,559.8,291.79,0.9941,579.88,313.42,0.9691,560.76,312.68,0.976,584.05,331.66,0.9154,564.58,330.51,0.9285
Moguls_Frauen_Final_1_15,236,10,533.96,235.58,601.86,348.84,0.6299,569.6,250.52,0.7942,571.29,248.49,0.6304,567.89,248.19,0.6964,573.84,248.99,0.3782,563.87,247.89,0.4912,578.63,259.4,0.9736,555.58,257.42,0.984,585.97,274.71,0.9274,545.09,270.16,0.9601,590.66,285.16,0.8994,545.33,280.07,0.9334,574.34,289.68,0.9897,559.36,289.17,0.9923,580.96,312.54,0.971,562.01,311.97,0.9763,585.81,334.25,0.9245,565.06,333.4,0.9331
Moguls_Frauen_Final_1_15,237,10,536.49,237.42,604.07,350.97,0.6297,575.01,253.98,0.0859,573.69,251.84,0.0278,574.67,251.99,0.0708,566.22,251.55,0.2789,575.2,252.2,0.6809,559.51,259.28,0.9637,578.09,260.71,0.9848,547.37,269.86,0.8765,587.55,273.69,0.9653,545.67,277.02,0.7524,595.78,281.27,0.8882,563.25,288.53,0.9916,575.26,289.2,0.9951,566.47,312.43,0.9694,583.99,312.67,0.9814,567.63,334.41,0.9137,587.9,335.24,0.9399
Moguls_Frauen_Final_1_15,238,10,538.84,239.17,605.06,350.14,0.5076,569.78,253.65,0.8259,571.7,251.74,0.7098,568.27,251.4,0.7265,574.8,253.48,0.4583,565.04,252.4,0.4931,579.39,265.2,0.9746,557.12,263.89,0.982,587.4,280.0,0.9311,546.05,277.2,0.9511,594.36,282.52,0.8987,548.19,278.49,0.919,577.13,296.67,0.9725,563.0,296.74,0.9779,586.12,310.14,0.8636,571.36,310.34,0.88,586.21,330.9,0.6623,571.89,330.79,0.6843
Moguls_Frauen_Final_1_15,239,10,540.94,241.42,605.58,348.4,0.6028,569.38,255.46,0.9155,571.1,253.32,0.8113,567.36,253.3,0.8836,573.84,254.28,0.4645,563.26,253.94,0.6981,578.11,265.4,0.9835,556.14,264.59,0.9932,585.27,280.76,0.9402,545.08,277.57,0.9819,595.64,289.15,0.9137,546.35,283.19,0.9632,578.41,295.47,0.9861,563.03,295.77,0.9916,592.99,315.21,0.9372,564.2,315.26,0.9588,601.47,334.97,0.8273,563.12,334.81,0.8677
Moguls_Frauen_Final_1_15,240,10,542.05,244.66,604.57,346.54,0.2872,565.78,261.29,0.7676,567.58,258.92,0.7059,564.62,259.07,0.5761,572.15,259.39,0.526,563.43,259.59,0.2976,579.34,271.63,0.9688,557.85,271.17,0.9629,588.97,286.03,0.9425,546.13,283.14,0.8976,598.23,295.2,0.9158,546.89,285.33,0.8644,576.84,306.76,0.9773,564.08,306.71,0.9744,579.61,325.68,0.9126,568.2,325.6,0.8936,577.72,341.71,0.7652,569.0,341.23,0.7406
Moguls_Frauen_Final_1_15,241,10,541.97,246.4,605.08,347.82,0.4689,561.89,263.53,0.1357,562.16,261.0,0.1038,562.64,261.14,0.0655,562.02,260.36,0.6592,568.46,260.78,0.4268,556.89,270.63,0.9721,575.05,270.27,0.9717,547.05,286.71,0.9196,586.43,283.31,0.9012,548.68,287.87,0.8023,595.86,279.03,0.7577,559.55,304.51,0.9732,570.87,304.49,0.9738,561.86,320.44,0.8348,576.21,320.67,0.8251,562.3,336.17,0.5884,573.92,335.85,0.5782
Moguls_Frauen_Final_1_15,244,10,522.73,236.54,593.97,356.74,0.6949,557.58,251.58,0.1352,556.89,249.18,0.0908,557.67,249.46,0.0662,552.82,248.59,0.4672,562.52,249.03,0.336,548.45,259.05,0.9536,567.74,258.83,0.9522,539.03,276.1,0.8524,573.48,274.07,0.8093,539.58,284.83,0.6979,569.36,280.95,0.6342,553.26,293.34,0.9841,565.18,293.2,0.9835,551.59,319.58,0.9655,558.73,319.5,0.9599,551.15,344.02,0.9257,552.03,343.78,0.9179
Moguls_Frauen_Final_1_15,245,10,526.51,233.62,600.09,358.53,0.3284,554.11,250.2,0.3259,554.0,247.33,0.1921,553.76,247.81,0.214,551.31,246.46,0.3557,556.22,247.38,0.369,549.83,257.27,0.8736,561.42,255.56,0.8812,543.65,275.41,0.7396,574.9,264.25,0.776,545.73,282.28,0.6296,590.04,258.84,0.6695,553.31,292.84,0.9613,559.42,292.67,0.9628,551.51,315.37,0.9532,555.3,317.21,0.9577,549.75,337.71,0.9287,550.78,341.08,0.9332
Moguls_Frauen_Final_1_15,246,10,524.61,228.18,601.07,358.9,0.6893,554.12,245.8,0.7946,555.14,243.36,0.5284,551.88,243.88,0.6236,557.88,241.35,0.3843,548.04,242.58,0.5116,565.66,248.28,0.9723,543.94,251.38,0.9819,581.29,253.92,0.9432,536.33,266.89,0.9671,590.59,253.96,0.9187,533.71,283.79,0.9459,564.74,282.37,0.994,551.64,283.39,0.9951,555.39,311.43,0.987,545.75,314.55,0.9898,548.7,335.26,0.9624,542.19,341.01,0.9679
Moguls_Frauen_Final_1_15,247,10,522.08,225.94,595.56,351.61,0.7387,551.6,241.58,0.8902,553.09,238.8,0.807,548.77,239.38,0.8218,556.86,237.52,0.4997,545.31,239.02,0.559,564.3,246.17,0.9785,542.25,249.93,0.988,576.94,252.58,0.9386,534.02,265.59,0.9661,584.39,255.54,0.9253,533.29,280.5,0.9472,562.31,282.54,0.9915,549.37,283.57,0.9938,550.21,308.29,0.9791,541.53,308.96,0.9821,540.67,330.4,0.9427,535.67,331.48,0.9499
Moguls_Frauen_Final_1_15,248,10,516.26,225.53,587.73,348.67,0.7799,550.02,241.68,0.4109,550.06,238.77,0.2441,548.96,239.18,0.2717,547.64,237.72,0.4038,550.65,238.4,0.4879,548.36,249.06,0.9615,553.17,249.29,0.9808,542.38,266.26,0.8813,554.26,264.64,0.9485,539.66,279.32,0.8187,551.46,276.1,0.8935,553.72,285.55,0.9902,556.68,285.3,0.9934,545.03,310.88,0.9784,546.87,310.37,0.9835,534.21,332.32,0.9462,532.76,331.77,0.9568
Moguls_Frauen_Final_1_15,249,10,512.04,224.76,581.83,345.43,0.6944,551.67,241.22,0.87,553.42,238.28,0.7331,548.63,238.8,0.8306,556.73,237.97,0.408,544.61,239.19,0.6802,563.54,250.9,0.9759,540.6,251.46,0.9927,570.55,269.95,0.8952,532.79,267.65,0.9797,571.84,290.71,0.8643,529.14,282.44,0.9584,558.81,286.74,0.9891,544.91,286.74,0.9945,550.66,311.22,0.9639,540.06,311.28,0.9795,538.39,331.05,0.8993,530.77,331.58,0.9332
Moguls_Frauen_Final_1_15,250,10,513.15,224.47,580.88,341.39,0.7722,551.75,248.78,0.9005,553.8,245.35,0.8091,548.37,245.71,0.8356,558.31,242.15,0.475,544.46,242.87,0.5972,565.76,251.04,0.9803,541.07,250.76,0.9922,572.53,266.48,0.9319,532.2,263.77,0.9765,572.34,285.34,0.9179,524.85,277.95,0.9608,559.54,286.26,0.9918,544.7,285.64,0.995,551.36,309.91,0.9766,540.9,309.29,0.9835,534.15,328.35,0.9299,528.94,327.89,0.9472
Moguls_Frauen_Final_1_15,251,10,515.64,225.65,580.15,337.85,0.786,553.32,248.8,0.8497,555.09,245.81,0.733,550.74,245.92,0.7978,558.25,242.55,0.4142,546.35,242.74,0.601,562.66,249.64,0.9723,541.3,250.66,0.9891,570.26,261.22,0.9018,532.56,265.25,0.9663,570.69,269.36,0.8794,525.56,278.72,0.9411,557.95,282.42,0.9883,545.35,282.8,0.993,551.67,302.66,0.9683,543.08,303.09,0.9777,543.3,322.0,0.9281,538.61,322.89,0.9444
Moguls_Frauen_Final_1_15,252,10,515.97,226.65,579.1,337.24,0.631,554.49,249.97,0.9194,556.49,246.82,0.8388,551.81,247.13,0.8633,559.91,243.71,0.509,546.98,244.28,0.6331,563.68,251.81,0.9791,541.02,252.38,0.9897,569.95,262.3,0.9279,530.36,261.45,0.9633,565.63,268.72,0.9132,528.24,263.95,0.9432,559.68,289.0,0.9817,546.21,289.55,0.9869,553.29,310.51,0.931,546.65,311.09,0.9426,550.18,326.61,0.789,551.27,327.63,0.815
Moguls_Frauen_Final_1_15,253,10,517.81,227.2,577.41,330.74,0.5602,555.57,246.96,0.8843,557.37,244.51,0.8043,553.26,244.13,0.784,560.32,242.02,0.5666,548.84,241.02,0.507,565.82,249.8,0.9799,543.71,247.83,0.986,573.26,261.54,0.937,534.35,256.07,0.9516,563.07,270.44,0.9135,526.95,265.52,0.9272,560.49,283.1,0.9818,546.99,282.25,0.9851,557.04,302.86,0.9252,546.88,302.1,0.9291,554.56,317.38,0.7773,547.78,316.44,0.7817
Moguls_Frauen_Final_1_15,254,10,518.19,227.7,578.38,331.7,0.5585,561.52,240.67,0.0825,559.74,238.05,0.0436,561.33,238.37,0.0498,551.68,237.36,0.4386,563.98,238.77,0.5116,547.0,247.77,0.966,569.61,250.4,0.9728,535.74,257.95,0.9122,576.08,264.86,0.9248,526.16,260.37,0.7872,570.95,269.42,0.8026,550.65,283.63,0.9873,565.11,284.23,0.9891,550.61,305.05,0.9511,562.87,305.29,0.9541,553.43,320.43,0.856,562.4,321.37,0.864
Moguls_Frauen_Final_1_15,255,10,519.87,226.25,578.95,326.92,0.3611,562.45,243.33,0.8355,564.29,241.41,0.7718,560.96,240.64,0.69,567.07,240.64,0.5826,557.19,238.68,0.376,572.99,250.02,0.9808,549.92,246.57,0.984,579.0,265.14,0.9626,537.78,257.2,0.9577,569.24,269.25,0.9443,524.97,264.17,0.9363,565.75,281.63,0.9841,551.26,279.98,0.9854,566.57,301.3,0.9231,551.56,299.75,0.9166,567.06,315.99,0.7546,551.91,313.92,0.7385
Moguls_Frauen_Final_1_15,256,10,524.21,225.71,582.01,322.71,0.4576,563.45,245.65,0.8374,565.27,243.5,0.7567,561.66,243.06,0.7298,568.07,242.11,0.5241,557.83,240.82,0.4527,573.54,250.74,0.9777,551.26,247.79,0.9854,580.83,265.62,0.948,539.5,257.2,0.9626,580.05,273.93,0.9249,527.78,262.52,0.9393,567.45,279.97,0.9828,553.95,278.69,0.9863,567.01,296.71,0.9256,554.13,295.5,0.9315,568.37,309.74,0.7844,555.66,308.18,0.7928
Moguls_Frauen_Final_1_15,257,10,526.28,226.11,587.49,328.59,0.743,564.87,246.56,0.8377,567.26,244.2,0.7745,563.1,243.45,0.7215,570.68,242.88,0.5611,558.86,240.76,0.4353,575.45,252.42,0.9772,551.41,249.07,0.9797,582.99,269.33,0.9393,541.28,262.16,0.93,579.15,273.88,0.9068,536.11,266.33,0.8927,569.21,286.06,0.9782,554.55,284.79,0.9795,570.14,303.31,0.9048,558.91,302.16,0.898,570.79,321.78,0.7501,563.83,320.1,0.7367
Moguls_Frauen_Final_1_15,258,10,528.63,226.47,592.89,335.01,0.7057,566.66,245.79,0.8917,569.35,243.24,0.792,564.64,242.57,0.8315,572.72,242.78,0.4902,559.74,240.91,0.6088,576.98,254.19,0.9829,550.05,251.88,0.9899,585.34,271.81,0.9434,540.37,267.56,0.9668,580.25,271.55,0.9218,541.47,268.99,0.9444,570.15,287.32,0.9899,553.18,286.87,0.9921,575.76,306.66,0.9693,561.29,306.22,0.9736,579.34,322.97,0.9196,569.0,322.1,0.9263
Moguls_Frauen_Final_1_15,259,10,531.55,227.41,597.13,339.5,0.7905,568.08,246.59,0.742,569.79,244.47,0.5471,566.5,243.93,0.6464,571.96,244.58,0.3073,561.86,242.84,0.4917,575.71,254.91,0.9716,552.37,252.39,0.9846,584.36,271.24,0.9315,542.49,266.46,0.9652,584.31,277.47,0.91,543.94,273.48,0.9421,570.56,287.2,0.9898,556.01,286.74,0.9926,577.41,307.58,0.9672,565.99,307.2,0.9741,580.61,328.95,0.9115,573.59,328.44,0.9241
Moguls_Frauen_Final_1_15,260,10,533.03,230.79,599.59,345.37,0.7513,568.24,251.08,0.7399,569.86,248.63,0.5367,566.22,248.53,0.6736,572.25,247.81,0.2713,561.5,247.3,0.526,577.14,256.99,0.9625,552.81,256.22,0.9842,585.63,271.53,0.9095,541.87,268.37,0.9701,585.19,278.22,0.888,544.41,272.24,0.9484,575.64,290.8,0.9878,559.77,291.27,0.9924,584.23,310.77,0.9629,565.6,311.23,0.9748,586.67,331.15,0.9012,567.69,331.64,0.9242
Moguls_Frauen_Final_1_15,261,10,534.7,235.86,598.56,346.59,0.6742,566.32,257.28,0.6859,567.91,255.06,0.5249,564.77,254.88,0.5934,570.99,253.5,0.3083,561.85,252.74,0.4308,575.0,260.82,0.9443,555.87,259.14,0.971,582.67,273.87,0.8633,544.16,269.71,0.9387,588.72,280.98,0.8298,543.32,275.11,0.9019,571.83,291.32,0.9775,560.35,290.94,0.9845,574.53,313.75,0.9344,565.52,313.39,0.9506,574.01,334.53,0.849,565.88,333.9,0.8754
Moguls_Frauen_Final_1_15,262,10,536.76,240.19,596.82,343.73,0.5686,564.08,259.68,0.8729,565.92,257.51,0.7494,562.55,257.38,0.7883,569.94,256.41,0.4695,560.42,255.69,0.5582,573.85,264.75,0.9773,554.43,262.58,0.9867,580.64,279.13,0.9166,541.33,273.27,0.9589,589.07,289.15,0.8842,547.81,281.07,0.9305,571.16,292.64,0.9813,558.52,292.27,0.9865,583.43,308.98,0.9376,566.71,308.53,0.952,584.32,327.21,0.845,565.8,326.07,0.868
Moguls_Frauen_Final_1_15,263,10,536.24,243.75,599.17,352.36,0.6125,567.97,264.27,0.8242,569.36,261.67,0.5902,565.49,261.79,0.8053,571.52,260.3,0.2356,560.27,260.14,0.7031,573.3,268.47,0.963,553.46,267.81,0.989,581.37,281.5,0.865,540.97,279.21,0.9757,592.62,289.7,0.8428,544.74,283.71,0.9538,572.03,299.91,0.9822,559.97,300.54,0.9909,579.3,317.74,0.939,570.25,318.49,0.9671,577.58,336.42,0.8509,570.04,337.43,0.9025
Moguls_Frauen_Final_1_15,264,10,542.74,249.2,595.34,334.86,0.2371,563.47,268.65,0.1244,562.83,266.32,0.0761,563.96,266.6,0.0777,559.0,262.95,0.5608,565.53,263.98,0.4953,552.19,268.79,0.9613,570.47,269.84,0.9677,538.81,277.62,0.8992,584.33,277.37,0.9111,540.43,285.26,0.7811,595.84,281.51,0.776,554.96,298.48,0.9615,565.48,299.19,0.9638,558.99,313.12,0.7886,568.49,313.51,0.7882,563.24,320.94,0.5009,567.15,321.11,0.5027
Moguls_Frauen_Final_1_15,265,10,541.35,249.36,596.3,336.34,0.3694,562.59,272.18,0.7496,564.2,269.16,0.4497,560.07,269.53,0.7733,566.75,264.68,0.1385,555.81,265.38,0.7104,568.34,266.73,0.9039,549.03,269.65,0.9787,578.45,272.22,0.7086,540.87,282.79,0.9684,589.73,274.85,0.7199,543.65,294.62,0.9423,564.31,292.11,0.9481,552.6,293.92,0.9779,567.65,308.63,0.8521,558.17,310.32,0.9335,565.19,319.93,0.7072,557.54,322.37,0.8256
Moguls_Frauen_Final_1_15,266,10,527.0,246.59,587.74,346.37,0.6566,555.56,262.62,0.8088,557.79,260.24,0.7055,554.06,260.06,0.7244,562.14,258.72,0.4843,551.62,258.17,0.5314,566.5,266.78,0.9625,545.54,266.09,0.9803,567.91,279.86,0.8603,536.81,279.7,0.9304,561.4,281.43,0.8173,541.92,286.46,0.8831,561.29,298.81,0.9693,548.18,298.3,0.9783,558.39,320.37,0.8955,546.52,319.61,0.9165,552.46,339.56,0.7699,546.46,338.41,0.8025
Moguls_Frauen_Final_1_15,267,10,519.47,243.16,584.77,354.75,0.5108,553.41,259.86,0.6522,555.03,257.34,0.4959,551.99,257.6,0.517,559.45,255.9,0.3017,550.09,256.49,0.3469,565.59,264.97,0.9133,544.25,265.25,0.9486,569.3,277.93,0.7963,533.16,278.67,0.8818,564.8,285.63,0.7655,536.32,289.16,0.8324,559.67,301.11,0.9527,546.68,300.83,0.9636,554.93,324.86,0.8696,545.01,324.32,0.8902,548.27,346.15,0.7157,545.41,345.51,0.7502
Moguls_Frauen_Final_1_15,268,10,517.35,241.34,579.85,351.23,0.5066,555.16,263.2,0.7026,556.67,260.02,0.4871,553.07,260.38,0.6079,557.37,255.98,0.323,549.8,256.42,0.565,557.59,262.92,0.9298,545.36,263.09,0.97,550.81,277.21,0.7327,537.51,276.23,0.8991,545.45,293.02,0.6706,535.05,290.91,0.8237,558.28,297.99,0.9475,549.86,298.13,0.9655,548.66,318.86,0.8608,538.87,318.65,0.8959,547.33,334.18,0.7105,537.78,334.01,0.7628
Moguls_Frauen_Final_1_15,269,10,514.65,238.84,576.06,349.48,0.5783,554.9,256.99,0.7486,556.08,254.37,0.4594,552.66,254.54,0.7809,557.58,252.42,0.1551,548.25,252.72,0.7329,559.97,259.47,0.9171,542.52,261.28,0.9873,566.48,268.76,0.6856,534.38,276.06,0.977,570.42,274.55,0.6895,532.79,291.36,0.9512,557.28,290.56,0.972,546.74,291.38,0.9903,551.77,313.4,0.9291,542.62,314.08,0.973,543.61,332.51,0.8659,535.15,334.0,0.933
Moguls_Frauen_Final_1_15,270,10,514.09,237.88,574.25,348.77,0.5783,554.9,256.99,0.7485,556.08,254.37,0.4592,552.66,254.54,0.7808,557.58,252.42,0.155,548.25,252.72,0.7329,559.97,259.47,0.9171,542.52,261.28,0.9873,566.48,268.76,0.6855,534.38,276.06,0.977,570.41,274.55,0.6895,532.79,291.36,0.9512,557.28,290.56,0.972,546.74,291.38,0.9903,551.78,313.4,0.9291,542.62,314.07,0.973,543.61,332.51,0.866,535.15,334.0,0.933
Moguls_Frauen_Final_1_15,271,10,512.69,239.15,572.33,350.58,0.7657,553.19,258.48,0.8364,554.66,255.36,0.6115,549.87,255.93,0.8306,557.61,253.6,0.2269,545.02,254.66,0.7294,562.54,263.72,0.9339,540.02,263.36,0.9881,563.24,282.53,0.7227,529.5,278.21,0.975,561.06,303.66,0.7184,529.66,293.79,0.9514,558.37,296.8,0.9748,544.28,296.45,0.9902,550.37,319.48,0.941,538.58,319.16,0.9747,533.68,338.08,0.886,526.33,338.15,0.9391
Moguls_Frauen_Final_1_15,272,10,512.38,240.53,571.15,351.59,0.3892,551.43,259.53,0.7657,553.12,256.97,0.6078,549.41,257.01,0.6895,556.24,256.41,0.3551,546.2,256.28,0.53,561.06,267.83,0.9616,541.53,266.04,0.9848,566.94,286.87,0.8675,533.43,279.95,0.9597,568.38,309.32,0.816,528.61,295.45,0.921,554.06,299.95,0.982,542.51,298.95,0.9895,546.66,320.74,0.9406,538.85,319.94,0.9608,536.7,337.98,0.8663,532.89,337.48,0.9003
Moguls_Frauen_Final_1_15,273,10,516.14,242.53,574.45,352.31,0.2993,550.9,263.43,0.8574,553.1,260.52,0.7588,548.53,260.49,0.7906,556.63,259.7,0.4744,544.24,259.42,0.5781,560.94,272.63,0.9705,538.47,271.23,0.9839,566.55,294.71,0.8755,531.16,289.17,0.9373,565.89,318.81,0.8019,526.29,306.33,0.8764,552.92,309.61,0.9664,539.33,308.93,0.9763,545.51,328.13,0.8445,535.54,327.77,0.8741,536.6,344.66,0.6628,531.71,344.7,0.7037
Moguls_Frauen_Final_1_15,274,10,519.73,245.62,576.1,350.35,0.7604,551.73,268.37,0.9192,554.01,265.52,0.8508,549.08,265.51,0.8913,557.6,263.0,0.5336,544.55,262.9,0.7134,561.16,269.94,0.9813,539.15,271.5,0.9923,570.02,280.92,0.9156,530.93,287.83,0.9691,573.47,286.9,0.8873,524.18,301.83,0.9417,556.05,299.33,0.984,543.09,299.92,0.9901,548.81,318.0,0.9411,540.42,318.63,0.9573,541.35,335.86,0.8586,537.58,337.04,0.8873
Moguls_Frauen_Final_1_15,276,10,523.29,254.77,573.65,346.43,0.6598,553.45,269.93,0.9094,555.29,267.74,0.853,551.45,267.85,0.8575,558.28,267.52,0.6305,547.85,267.62,0.6632,562.99,276.76,0.9871,542.03,275.49,0.9932,570.61,289.9,0.9501,530.58,282.72,0.973,567.23,298.67,0.9241,528.09,283.31,0.9499,557.4,303.33,0.9869,544.75,302.81,0.9908,552.76,318.96,0.9357,544.06,318.67,0.9469,546.82,335.6,0.8252,545.3,335.74,0.8459
Moguls_Frauen_Final_1_15,277,10,530.35,258.71,577.33,343.73,0.3412,558.67,273.66,0.09,557.62,271.64,0.0405,558.68,271.86,0.0668,552.45,270.4,0.3495,560.68,271.61,0.5677,548.43,276.19,0.9519,564.98,278.89,0.9741,536.48,280.36,0.8406,572.68,288.19,0.9358,530.25,280.29,0.6987,574.31,291.84,0.8311,548.81,301.11,0.9845,559.35,301.74,0.9898,548.48,313.95,0.9541,561.12,314.36,0.9678,544.4,330.15,0.8958,556.28,331.06,0.9197
Moguls_Frauen_Final_1_15,278,10,527.21,258.1,577.45,347.53,0.718,559.62,277.78,0.8842,561.48,275.63,0.8037,557.69,275.13,0.8139,564.45,273.31,0.5489,554.02,271.87,0.5841,569.88,278.83,0.9829,547.39,274.76,0.9922,575.72,292.67,0.9431,534.69,280.78,0.975,567.43,300.59,0.9245,532.19,284.94,0.9574,562.88,299.93,0.9893,548.89,297.99,0.9929,564.74,313.1,0.9706,549.24,311.0,0.9773,559.66,332.53,0.9289,549.49,330.08,0.9405
Moguls_Frauen_Final_1_15,279,10,528.9,257.73,575.3,337.1,0.5434,561.69,275.75,0.8742,563.99,273.84,0.8099,560.43,273.06,0.7897,567.72,272.24,0.602,557.51,270.08,0.54,572.1,278.54,0.9799,550.44,273.5,0.9884,574.56,293.83,0.9279,537.34,280.38,0.9543,566.56,303.09,0.8943,532.12,286.93,0.9212,564.33,297.72,0.9826,550.51,295.26,0.9866,567.16,308.99,0.9534,547.94,306.25,0.9588,568.48,328.08,0.8977,551.93,324.64,0.9048
Moguls_Frauen_Final_1_15,280,10,530.23,256.89,576.99,333.94,0.7119,568.61,274.85,0.9097,570.61,272.79,0.824,566.73,272.15,0.8828,572.88,271.37,0.5172,561.32,269.26,0.7258,575.21,278.28,0.9829,551.44,273.92,0.9929,579.54,293.84,0.9328,536.52,282.51,0.9768,576.53,303.91,0.8992,531.4,289.35,0.9526,566.69,301.73,0.9816,551.51,300.05,0.9886,569.91,314.05,0.9093,551.47,312.59,0.934,570.26,331.05,0.7733,554.86,329.7,0.8115
Moguls_Frauen_Final_1_15,281,10,528.15,256.21,586.08,352.22,0.7581,569.73,272.23,0.7871,571.46,270.13,0.5863,568.2,269.55,0.7293,573.23,269.37,0.2927,563.12,267.38,0.5788,575.65,278.78,0.9686,553.01,274.74,0.9887,582.2,293.78,0.9199,538.38,282.51,0.9786,581.57,305.24,0.9013,534.11,288.52,0.9616,569.92,311.46,0.9877,556.06,310.34,0.9929,570.67,330.5,0.9534,560.01,329.57,0.9694,576.07,345.76,0.8654,568.38,344.83,0.897
Moguls_Frauen_Final_1_15,282,10,530.1,257.02,592.0,359.75,0.7499,570.49,274.03,0.6997,571.9,271.79,0.4383,569.02,271.48,0.646,573.49,270.29,0.1945,564.04,269.05,0.548,575.39,277.87,0.9589,553.57,275.7,0.9868,582.98,291.3,0.9116,539.61,284.97,0.9804,584.03,301.89,0.9003,538.4,292.11,0.9658,571.05,309.71,0.9903,557.64,309.68,0.9948,573.5,329.67,0.9704,563.61,329.89,0.982,579.53,345.92,0.9171,572.44,346.54,0.9408
Moguls_Frauen_Final_1_15,283,10,532.91,257.58,596.36,363.29,0.7721,568.73,273.88,0.8393,570.81,271.81,0.6591,567.12,271.15,0.7935,573.29,271.0,0.3339,562.47,268.98,0.6384,575.32,278.77,0.9771,552.92,276.4,0.9917,582.78,291.75,0.9288,541.41,288.9,0.9805,583.92,295.8,0.9105,540.33,298.26,0.9632,569.92,308.21,0.9913,555.3,307.66,0.9949,576.31,327.65,0.9733,558.38,326.99,0.9826,584.17,347.47,0.9287,564.61,346.69,0.9465
Moguls_Frauen_Final_1_15,284,10,535.54,259.3,595.88,359.44,0.5726,567.6,276.36,0.9159,569.87,274.22,0.8514,565.77,273.8,0.8634,573.01,273.43,0.5884,561.64,272.16,0.6387,575.89,281.69,0.9825,554.17,279.84,0.988,584.2,292.76,0.9259,542.03,289.32,0.9432,586.67,298.33,0.8906,541.58,295.38,0.9029,569.9,309.51,0.9782,556.43,308.84,0.9813,573.19,327.22,0.9164,558.3,326.35,0.9211,574.62,343.45,0.7883,562.31,342.41,0.7977
Moguls_Frauen_Final_1_15,285,10,536.46,262.25,595.57,359.67,0.4793,563.97,278.44,0.9181,566.25,276.41,0.869,562.5,276.15,0.8403,570.5,276.23,0.6595,560.29,275.36,0.5399,575.87,285.91,0.9854,554.07,283.85,0.988,584.76,299.9,0.9449,542.29,293.41,0.9506,589.77,308.64,0.9118,542.81,297.86,0.9175,571.58,314.92,0.9799,557.11,314.23,0.9826,579.38,330.77,0.9137,557.0,330.05,0.9172,582.41,349.81,0.7773,556.03,348.57,0.7795
Moguls_Frauen_Final_1_15,290,10,518.23,259.34,583.13,371.39,0.5811,555.05,270.14,0.2842,554.55,267.52,0.1509,554.12,268.0,0.1921,548.71,268.12,0.5148,554.63,268.97,0.6208,540.25,281.41,0.9678,558.97,280.45,0.977,530.86,298.07,0.836,567.09,288.7,0.8786,531.74,307.59,0.6884,564.49,287.79,0.7176,542.27,318.36,0.9772,553.94,318.3,0.9799,542.46,338.76,0.9292,552.51,338.86,0.9311,543.62,360.26,0.8358,549.72,360.77,0.8385
Moguls_Frauen_Final_1_15,291,10,515.66,254.77,580.44,371.74,0.6201,553.98,268.67,0.7587,555.41,266.3,0.4837,551.71,266.39,0.7656,557.46,265.4,0.1911,547.16,265.57,0.7043,560.43,273.08,0.9305,540.3,275.05,0.9854,565.84,280.73,0.7394,531.05,289.76,0.9709,561.78,280.81,0.7336,529.06,305.16,0.9428,554.36,305.78,0.9744,542.05,306.42,0.9892,549.32,329.49,0.9383,540.55,329.98,0.9715,541.55,351.67,0.8648,537.18,352.86,0.9215
Moguls_Frauen_Final_1_15,292,10,514.4,251.0,577.25,368.78,0.6871,551.87,264.88,0.8307,553.37,262.27,0.6313,549.41,262.57,0.7985,555.84,261.48,0.2913,544.79,262.11,0.6822,559.7,270.34,0.961,538.01,272.23,0.9885,565.58,281.4,0.8394,528.85,288.08,0.9676,561.21,287.2,0.8126,529.12,302.37,0.9367,554.82,305.1,0.9772,541.27,305.69,0.9879,546.68,328.16,0.9166,535.92,328.61,0.9506,538.15,348.48,0.7934,533.66,349.67,0.857
Moguls_Frauen_Final_1_15,293,10,512.47,248.35,572.67,362.83,0.4749,549.19,264.38,0.6481,550.07,261.48,0.3349,546.28,262.04,0.6596,551.76,259.05,0.1204,542.16,260.4,0.6315,558.28,266.57,0.9214,537.91,268.65,0.9872,566.49,279.41,0.7713,529.64,285.08,0.9852,575.62,288.77,0.7718,528.66,299.08,0.9689,555.85,301.18,0.9869,544.41,301.82,0.9954,547.46,325.62,0.9671,540.93,325.92,0.9879,533.64,346.61,0.9127,530.36,347.39,0.9581
Moguls_Frauen_Final_1_15,294,10,513.42,245.68,575.11,361.18,0.6861,546.61,263.22,0.8652,548.34,260.25,0.7171,543.36,260.6,0.8308,552.04,258.5,0.3485,539.22,259.45,0.6517,558.9,267.56,0.9698,536.26,269.59,0.9915,569.05,277.96,0.899,528.27,285.58,0.9827,576.42,282.2,0.8877,524.82,298.92,0.9679,554.51,302.03,0.9908,541.4,302.31,0.9955,545.18,326.91,0.9754,535.99,326.84,0.9865,530.74,346.26,0.9349,524.05,346.45,0.9586
Moguls_Frauen_Final_1_15,295,10,512.79,244.39,575.21,360.0,0.631,544.0,260.93,0.8702,545.9,257.96,0.7716,541.19,258.51,0.8135,550.47,256.8,0.4558,538.23,258.18,0.5892,558.39,267.36,0.9707,534.67,269.01,0.9867,566.96,280.96,0.8948,527.01,284.36,0.9615,571.14,293.85,0.8709,525.03,297.43,0.9354,552.06,302.35,0.987,537.77,302.43,0.9916,545.5,326.08,0.9674,533.6,326.06,0.9767,530.19,345.59,0.9225,522.17,345.82,0.9407
Moguls_Frauen_Final_1_15,296,10,510.57,244.31,573.74,360.2,0.8167,543.67,262.44,0.7884,545.37,259.74,0.6637,541.21,259.9,0.6719,549.33,259.24,0.4217,538.28,259.87,0.4351,557.06,270.22,0.9715,535.04,271.63,0.9844,566.61,282.9,0.9383,527.32,288.32,0.9699,568.28,284.9,0.9221,523.46,298.07,0.9518,550.57,306.17,0.9901,537.48,306.04,0.993,541.88,331.13,0.9682,532.04,330.92,0.9746,526.09,348.42,0.9002,517.91,348.35,0.9163
Moguls_Frauen_Final_1_15,297,10,511.31,245.02,573.08,357.95,0.7841,542.63,259.13,0.7591,544.32,257.0,0.6411,541.04,257.08,0.6241,548.22,258.45,0.4547,539.38,258.86,0.4095,555.8,270.57,0.9724,535.28,271.63,0.983,564.8,283.15,0.9403,526.4,287.17,0.9653,565.4,286.55,0.9191,522.26,297.95,0.9433,549.21,303.69,0.9901,536.99,303.42,0.9925,541.21,328.39,0.9689,531.82,328.03,0.9734,530.08,347.43,0.9077,523.13,347.16,0.9181
Moguls_Frauen_Final_1_15,298,10,512.49,246.3,571.58,354.59,0.6772,544.52,264.76,0.8594,546.45,262.63,0.7995,543.04,262.36,0.7557,550.34,261.94,0.5935,540.66,261.35,0.4826,555.1,270.08,0.9817,535.72,270.17,0.9867,562.64,279.2,0.9455,525.39,283.82,0.9489,561.6,280.07,0.9229,519.97,297.16,0.9186,548.58,298.77,0.9882,537.03,298.27,0.9898,545.59,320.15,0.9603,536.4,319.41,0.96,539.45,339.09,0.8974,534.75,338.21,0.8982
Moguls_Frauen_Final_1_15,299,10,516.94,247.76,573.51,352.73,0.2832,549.46,261.17,0.6779,550.16,259.31,0.509,547.63,259.2,0.5478,551.01,259.89,0.3865,544.11,259.4,0.452,554.77,268.99,0.9605,540.39,267.57,0.9672,562.19,282.04,0.8695,532.32,278.74,0.8881,559.98,282.05,0.8149,529.98,278.91,0.8301,550.58,295.51,0.9815,542.13,294.86,0.9833,549.71,318.56,0.9608,545.05,318.14,0.9619,546.1,340.1,0.9134,543.35,339.73,0.9145
Moguls_Frauen_Final_1_15,301,10,514.88,244.64,568.28,341.69,0.5259,550.82,265.95,0.8283,552.76,263.68,0.7682,548.76,263.3,0.7061,556.07,260.76,0.5459,545.18,259.67,0.3887,562.12,265.93,0.9692,539.07,262.37,0.9762,567.49,279.85,0.9227,525.37,268.36,0.9277,561.42,291.59,0.8978,518.48,275.1,0.9016,555.02,288.04,0.9843,540.78,286.38,0.9861,556.77,304.22,0.9703,541.29,302.5,0.9695,553.58,325.13,0.9408,540.92,322.87,0.9383
Moguls_Frauen_Final_1_15,302,10,519.96,241.95,573.18,339.59,0.4807,554.72,260.48,0.8908,556.84,258.06,0.8194,552.47,257.8,0.8216,559.85,255.51,0.5615,548.06,254.75,0.5676,564.42,261.63,0.9791,541.29,260.2,0.9864,569.01,276.54,0.9193,531.66,272.27,0.9422,562.21,286.44,0.8894,527.55,282.42,0.9101,558.63,286.21,0.9867,544.31,285.68,0.9891,559.75,301.83,0.9738,545.18,301.18,0.9753,559.9,322.66,0.9484,549.63,321.8,0.9497
Moguls_Frauen_Final_1_15,303,10,514.94,237.16,574.51,346.03,0.6161,555.62,255.32,0.814,557.72,252.85,0.731,553.38,252.35,0.7079,560.69,250.96,0.494,548.7,249.53,0.4418,565.83,259.11,0.969,542.27,255.87,0.9802,571.02,275.46,0.9113,529.76,265.74,0.9349,563.72,284.6,0.8786,520.13,271.93,0.9003,561.0,288.26,0.9835,546.72,287.07,0.9868,563.91,310.6,0.957,552.45,309.39,0.9601,561.98,332.72,0.8987,555.32,331.01,0.9027
Moguls_Frauen_Final_1_15,304,10,516.44,232.77,577.97,344.75,0.5957,558.55,249.08,0.7395,559.6,246.98,0.6054,556.81,246.57,0.5963,560.77,246.34,0.4045,552.81,245.17,0.3926,565.77,255.88,0.9681,546.75,252.84,0.9766,574.14,271.14,0.9247,533.41,262.36,0.9354,570.13,279.85,0.8947,522.39,268.78,0.9028,560.39,286.78,0.9857,549.43,285.63,0.9875,565.13,308.93,0.9567,558.25,307.92,0.9578,563.32,329.68,0.8847,560.44,328.44,0.8859
Moguls_Frauen_Final_1_15,305,10,519.06,227.85,581.32,340.52,0.8019,559.92,251.07,0.8827,561.94,247.97,0.729,557.04,247.56,0.8298,564.78,243.4,0.3533,551.59,242.2,0.6297,569.34,250.57,0.9755,543.42,248.38,0.9909,576.91,264.61,0.9241,530.6,259.72,0.9789,575.59,274.33,0.9102,525.72,270.31,0.9642,563.09,287.84,0.9873,547.28,287.59,0.9925,572.59,307.08,0.9522,560.86,306.83,0.9692,568.99,321.93,0.8532,559.87,321.22,0.8895
Moguls_Frauen_Final_1_15,306,10,521.58,224.42,584.95,338.88,0.6831,559.69,243.79,0.7796,561.37,241.64,0.6196,558.21,241.32,0.6721,564.1,239.15,0.3433,554.39,238.14,0.4426,568.56,244.7,0.9739,546.32,243.38,0.9882,577.15,257.6,0.9553,536.48,254.13,0.9812,580.08,268.51,0.945,528.2,264.82,0.9695,564.9,275.42,0.9926,551.4,275.34,0.9952,565.93,300.29,0.974,554.66,300.15,0.9805,576.18,321.32,0.9109,565.91,321.18,0.9257
Moguls_Frauen_Final_1_15,307,10,525.12,221.41,589.96,338.58,0.5942,561.09,239.7,0.2224,560.49,237.27,0.1183,560.83,237.49,0.1477,553.93,236.06,0.5672,560.34,237.13,0.622,546.44,244.62,0.9828,564.33,246.5,0.9887,534.2,257.07,0.9443,576.53,258.72,0.9595,531.36,261.55,0.871,581.65,261.41,0.8838,551.46,276.79,0.9919,561.86,277.91,0.9933,558.73,301.71,0.9656,565.82,302.28,0.968,572.05,322.04,0.8894,574.28,322.82,0.8936
Moguls_Frauen_Final_1_15,308,10,527.52,218.79,593.23,337.6,0.3377,562.04,236.45,0.8507,563.69,234.25,0.6918,560.24,233.82,0.7799,564.58,234.74,0.4208,555.91,233.35,0.624,565.18,244.66,0.9731,550.31,243.75,0.9804,572.73,255.06,0.8912,543.01,256.11,0.9238,576.26,254.19,0.85,544.6,260.82,0.8783,563.41,277.09,0.9864,554.49,277.2,0.9882,565.2,301.93,0.9724,558.86,301.84,0.9742,574.63,322.43,0.9388,569.08,322.16,0.9406
Moguls_Frauen_Final_1_15,311,10,530.37,216.12,592.22,327.2,0.3899,556.42,242.2,0.8319,558.6,239.62,0.6487,554.14,239.54,0.849,562.18,236.23,0.2305,550.48,235.92,0.7076,563.79,239.32,0.8634,545.2,240.21,0.9736,568.85,245.31,0.5255,538.26,249.91,0.9368,571.65,245.93,0.5604,536.55,257.58,0.8936,562.18,259.18,0.9264,550.04,259.99,0.9708,566.85,283.22,0.9148,549.49,283.6,0.9634,571.19,307.74,0.8955,549.54,308.26,0.9434
Moguls_Frauen_Final_1_15,312,10,533.32,217.58,588.93,314.59,0.2205,555.26,239.39,0.8397,556.95,237.12,0.6604,553.26,237.24,0.8324,559.84,235.04,0.2952,549.57,235.26,0.7149,562.07,238.58,0.9536,544.21,240.6,0.9877,570.67,243.79,0.8315,536.61,251.19,0.9727,575.36,242.34,0.8123,534.65,257.75,0.9468,561.21,261.54,0.9696,549.36,262.74,0.9853,565.49,280.17,0.9022,547.45,281.06,0.9481,571.45,295.53,0.7893,548.52,296.89,0.8623
Moguls_Frauen_Final_1_15,315,16,519.53,204.13,563.52,298.52,0.6207,548.92,216.8,0.7623,550.21,214.47,0.4759,546.83,214.62,0.7598,552.08,213.32,0.1984,542.6,213.66,0.7056,554.92,221.18,0.9465,535.66,222.65,0.988,557.88,232.94,0.7931,527.85,239.21,0.9764,558.08,236.5,0.7753,525.32,253.53,0.9519,548.12,249.36,0.9808,536.02,249.96,0.9916,549.44,269.09,0.9535,537.03,269.58,0.9785,544.07,286.58,0.9037,532.36,287.55,0.9442
Moguls_Frauen_Final_1_15,316,16,515.06,199.69,560.86,298.04,0.2288,545.56,207.18,0.5968,546.46,205.08,0.3745,543.71,205.32,0.5388,547.98,204.82,0.2225,539.43,205.32,0.4752,552.1,212.96,0.9153,532.94,214.69,0.9581,555.28,222.8,0.7464,525.01,228.5,0.9018,552.07,226.03,0.7047,523.76,239.42,0.8453,547.69,241.86,0.973,535.5,242.54,0.982,544.33,263.83,0.9548,531.42,264.53,0.9672,539.61,285.41,0.9178,527.49,286.62,0.9341
Moguls_Frauen_Final_1_15,317,16,505.08,192.11,562.52,316.31,0.2156,541.42,203.22,0.6937,542.91,200.12,0.3902,538.69,200.76,0.7127,545.25,199.8,0.1358,532.97,201.15,0.6721,549.44,211.34,0.8923,523.62,214.38,0.9728,555.06,225.85,0.6215,513.33,234.21,0.9421,551.09,234.37,0.608,519.15,249.59,0.8913,544.68,250.12,0.9652,528.36,251.55,0.9834,538.81,274.56,0.9306,524.34,275.91,0.9648,533.0,295.83,0.8647,525.65,298.19,0.9174
Moguls_Frauen_Final_1_15,318,16,500.99,187.32,556.85,307.91,0.5298,532.42,202.65,0.1752,532.63,200.06,0.1635,533.22,200.51,0.0481,530.73,200.12,0.6264,540.2,200.36,0.1399,527.42,212.12,0.9479,543.63,211.13,0.8813,515.28,225.03,0.9104,545.93,219.95,0.6222,513.41,227.09,0.8239,534.8,218.62,0.5254,532.58,250.01,0.9782,542.37,249.31,0.9631,512.76,269.61,0.9653,521.4,269.24,0.9259,516.23,286.32,0.9259,521.07,285.42,0.8731
Moguls_Frauen_Final_1_15,319,16,503.58,184.99,561.03,306.8,0.7875,533.85,205.46,0.8744,535.27,202.65,0.6668,531.23,202.88,0.7568,538.28,200.81,0.4319,527.26,201.36,0.5919,545.84,211.2,0.9707,522.18,211.54,0.9832,560.95,218.9,0.9311,510.62,224.14,0.9661,568.43,221.34,0.9058,508.76,237.66,0.9448,538.7,255.55,0.9863,523.74,254.86,0.9894,529.9,277.02,0.9547,516.2,277.82,0.9664,516.43,291.12,0.8735,504.2,292.91,0.8937
Moguls_Frauen_Final_1_15,320,16,499.63,184.88,558.62,308.02,0.6969,531.07,208.81,0.9167,533.03,206.22,0.7629,528.11,206.23,0.8637,537.68,203.0,0.4774,524.32,203.38,0.7068,544.28,210.82,0.9641,520.93,211.17,0.9875,554.65,218.15,0.8808,508.87,223.99,0.9696,560.36,222.07,0.8478,506.09,238.64,0.9447,536.96,246.28,0.9843,522.73,245.47,0.9907,531.21,273.23,0.9633,519.48,273.64,0.9795,510.91,291.9,0.9149,503.76,295.28,0.9411
Moguls_Frauen_Final_1_15,321,16,496.07,186.36,554.97,307.12,0.6662,531.82,212.64,0.9006,533.46,208.75,0.7596,527.71,209.41,0.8856,537.39,203.6,0.3148,522.63,205.2,0.7376,546.01,212.15,0.9599,517.99,213.27,0.9916,554.96,229.51,0.8322,509.41,229.78,0.9814,552.67,246.58,0.8151,503.67,243.64,0.962,538.19,253.9,0.9736,521.25,253.97,0.9888,531.27,280.72,0.8836,517.4,280.86,0.9445,511.3,297.03,0.6571,501.38,297.79,0.7845
Moguls_Frauen_Final_1_15,322,16,494.85,189.38,553.49,307.69,0.781,531.46,215.35,0.8716,533.06,211.75,0.7086,527.9,212.21,0.8446,536.31,207.12,0.3043,522.88,208.25,0.6855,543.21,214.34,0.9705,517.09,216.61,0.9929,552.43,224.82,0.9014,507.98,232.27,0.9857,553.47,231.37,0.8943,500.39,245.93,0.9728,534.72,254.24,0.99,519.58,254.75,0.9953,525.49,278.93,0.9661,516.45,279.42,0.9822,507.37,295.58,0.8851,504.0,296.78,0.9287
Moguls_Frauen_Final_1_15,323,16,495.97,193.4,551.15,302.99,0.6732,530.29,217.88,0.8339,531.88,214.99,0.7422,527.69,215.17,0.7535,535.03,211.74,0.4655,523.57,212.16,0.5145,540.63,218.22,0.9671,518.42,218.82,0.9816,547.95,230.44,0.9007,507.26,232.62,0.9419,546.1,238.35,0.8688,499.29,245.16,0.9053,534.42,247.95,0.9766,521.52,247.96,0.9824,529.43,269.46,0.9208,522.02,269.45,0.932,517.6,286.81,0.8007,517.39,287.05,0.8227
Moguls_Frauen_Final_1_15,324,16,496.26,198.85,547.7,298.83,0.4353,529.76,222.48,0.77,531.61,220.04,0.618,527.79,219.93,0.6823,535.12,217.73,0.3651,524.14,217.23,0.4885,541.21,223.8,0.9638,516.14,222.32,0.9836,546.81,235.29,0.903,501.89,230.75,0.9642,540.12,239.14,0.8804,503.59,235.68,0.9417,536.05,251.05,0.986,520.22,250.46,0.9909,534.83,266.89,0.9639,517.72,266.19,0.9734,530.17,284.11,0.9125,517.51,283.25,0.9284
Moguls_Frauen_Final_1_15,325,16,495.3,203.9,546.25,300.85,0.653,531.44,227.53,0.8273,533.4,224.9,0.7138,529.36,224.42,0.7486,536.64,222.13,0.4285,524.93,220.61,0.529,541.88,230.44,0.9646,516.69,225.65,0.9837,547.86,246.31,0.8988,502.22,231.87,0.9587,540.46,258.59,0.8668,500.11,236.04,0.929,532.51,263.29,0.9649,517.2,261.12,0.9766,529.93,274.76,0.8454,516.88,272.61,0.8818,522.78,291.76,0.6231,517.55,289.4,0.677
Moguls_Frauen_Final_1_15,326,16,494.67,207.28,545.68,302.03,0.6318,529.67,227.84,0.8256,532.21,225.92,0.8108,528.83,224.59,0.5993,537.45,223.94,0.6978,526.83,220.45,0.2376,544.81,231.08,0.9825,519.48,224.19,0.9785,548.46,246.61,0.973,504.38,231.08,0.9395,536.93,253.02,0.9594,496.36,239.09,0.9237,535.06,257.93,0.9872,519.58,254.35,0.9853,533.19,276.14,0.9513,519.13,272.54,0.9326,528.52,290.84,0.8429,519.28,285.81,0.8026
Moguls_Frauen_Final_1_15,327,16,494.29,208.8,549.07,308.67,0.5082,529.31,227.36,0.8406,532.17,225.55,0.8328,529.0,224.22,0.6255,538.26,224.67,0.7103,527.87,221.07,0.2399,545.15,233.37,0.9838,519.87,226.25,0.9799,549.75,250.27,0.977,504.5,233.34,0.9479,547.86,262.91,0.9637,496.94,242.36,0.9311,535.86,261.94,0.9858,520.29,258.4,0.9841,535.38,279.98,0.9316,519.81,276.47,0.9085,535.07,296.42,0.7766,521.82,291.48,0.7299
Moguls_Frauen_Final_1_15,328,16,493.36,209.87,553.71,319.47,0.538,534.13,230.81,0.8918,536.66,228.15,0.8499,531.64,227.63,0.7818,540.74,224.94,0.6312,527.08,223.57,0.4128,547.91,232.12,0.9804,519.71,228.63,0.9827,553.73,249.62,0.9507,505.88,238.91,0.9405,541.54,258.31,0.9293,500.97,244.75,0.917,540.75,264.41,0.9892,523.43,262.86,0.9895,539.97,289.96,0.9737,525.22,288.27,0.9696,539.46,313.64,0.9222,530.83,311.2,0.9119
Moguls_Frauen_Final_1_15,329,16,495.12,210.22,556.8,321.7,0.7462,537.1,226.25,0.8118,538.73,223.98,0.6886,534.99,223.59,0.717,540.9,223.36,0.4359,529.95,222.13,0.493,546.75,233.47,0.9778,521.99,230.21,0.9874,555.06,249.21,0.9419,508.36,239.25,0.9668,548.85,256.23,0.9193,501.45,242.57,0.945,540.66,265.11,0.9902,525.21,263.89,0.9927,544.63,282.3,0.9693,529.36,281.18,0.9738,543.92,301.58,0.9154,531.48,300.27,0.9231
